Sample, Time, ACCX, ACCY, ACCZ, MAGX, MAGY, MAGZ, GYRX, GYRY, GYRZ
0,47527.434000,-53.354,-8.095,-242.162,21.427,-394.572,-314.485,17.500,-13.240,-6.220
1,47527.456000,-52.375,-7.083,-243.151,24.406,-395.564,-316.505,20.500,-7.240,-3.220
2,47527.474000,-53.354,-7.083,-242.162,19.478,-395.521,-314.449,18.500,-9.240,-7.220
3,47527.496000,-52.375,-6.071,-240.185,25.262,-393.644,-310.616,13.500,-18.240,-8.220
4,47527.516000,-53.354,-6.071,-243.151,28.233,-395.604,-311.651,11.500,-26.240,-10.220
5,47527.539000,-53.354,-5.059,-243.151,32.155,-394.672,-312.706,14.500,-23.240,-12.220
6,47527.561000,-53.354,-7.083,-241.174,24.327,-394.600,-312.567,15.500,-15.240,-9.220
7,47527.584000,-52.375,-8.095,-241.174,23.358,-395.559,-312.549,17.500,-2.240,-6.220
8,47527.599000,-53.354,-8.095,-243.151,32.199,-397.573,-313.687,18.500,-3.240,-3.220
9,47527.621000,-52.375,-8.095,-241.174,32.138,-394.673,-311.721,17.500,-2.240,-1.220
10,47527.649000,-52.375,-9.107,-242.162,24.363,-396.534,-313.550,17.500,-12.240,-0.220
11,47527.669000,-54.333,-10.119,-242.162,28.216,-397.541,-309.679,13.500,-21.240,-0.220
12,47527.686000,-53.354,-9.107,-241.174,29.203,-394.646,-311.669,11.500,-11.240,-4.220
13,47527.716000,-53.354,-9.107,-239.197,26.276,-395.587,-311.616,10.500,-8.240,-3.220
14,47527.730000,-52.375,-8.095,-240.185,23.341,-397.496,-310.577,9.500,-4.240,-2.220
15,47527.753000,-52.375,-10.119,-242.162,27.298,-398.497,-312.615,9.500,-4.240,1.780
16,47527.775000,-53.354,-8.095,-241.174,29.290,-398.513,-314.619,10.500,-0.240,4.780
17,47527.795000,-54.333,-9.107,-240.185,32.190,-396.605,-313.688,9.500,4.760,3.780
18,47527.810000,-54.333,-10.119,-243.151,23.289,-395.563,-308.610,10.500,3.760,4.780
19,47527.835000,-53.354,-10.119,-242.162,31.230,-398.531,-313.669,9.500,0.760,4.780
20,47527.855000,-53.354,-7.083,-243.151,29.220,-394.645,-312.654,8.500,-24.240,4.780
21,47527.875000,-54.333,-10.119,-243.151,25.342,-398.479,-312.581,6.500,-30.240,3.780
22,47527.899000,-54.333,-11.130,-241.174,26.276,-397.522,-310.629,4.500,-14.240,2.780
23,47527.908000,-54.333,-9.107,-240.185,28.312,-400.439,-313.615,5.500,-1.240,-0.220
24,47527.939000,-53.354,-10.119,-242.162,29.238,-398.515,-311.665,3.500,-7.240,-3.220
25,47527.949000,-52.375,-10.119,-243.151,25.342,-398.479,-312.581,1.500,-12.240,-5.220
26,47527.969000,-54.333,-9.107,-240.185,34.113,-396.625,-311.754,0.500,-15.240,-6.220
27,47527.991000,-55.312,-8.095,-241.174,29.272,-396.578,-314.621,0.500,-13.240,-5.220
28,47528.16000,-53.354,-10.119,-243.151,30.225,-397.556,-312.668,-0.500,-9.240,-2.220
29,47528.39000,-54.333,-7.083,-243.151,30.190,-397.558,-310.699,1.500,-15.240,-5.220
30,47528.58000,-55.312,-10.119,-243.151,28.233,-397.540,-310.664,3.500,-12.240,-5.220
31,47528.75000,-54.333,-9.107,-243.151,34.088,-399.530,-308.796,5.500,-5.240,-6.220
32,47528.103000,-54.333,-10.119,-242.162,28.261,-402.378,-309.674,8.500,-15.240,-9.220
33,47528.140000,-56.291,-9.107,-242.162,33.117,-396.617,-310.751,9.500,-9.240,-8.220
34,47528.155000,-55.312,-9.107,-243.151,31.221,-399.500,-312.683,10.500,-2.240,-9.220
35,47528.168000,-53.354,-10.119,-243.151,34.105,-399.529,-309.781,6.500,-16.240,-17.220
36,47528.185000,-55.312,-10.119,-241.174,33.126,-397.585,-310.750,3.500,-21.240,-20.220
37,47528.204000,-55.312,-10.119,-241.174,27.238,-397.532,-309.662,1.500,-7.240,-21.220
38,47528.228000,-53.354,-9.107,-242.162,34.131,-398.560,-311.752,2.500,-7.240,-22.220
39,47528.241000,-52.375,-8.095,-240.185,34.070,-397.595,-308.798,2.500,-20.240,-22.220
40,47528.263000,-55.312,-9.107,-241.174,27.290,-399.465,-311.629,4.500,-7.240,-18.220
41,47528.279000,-54.333,-11.130,-243.151,32.113,-397.578,-308.764,8.500,5.760,-14.220
42,47528.301000,-52.375,-11.130,-241.174,31.170,-401.438,-308.742,11.500,1.760,-13.220
43,47528.319000,-54.333,-10.119,-242.162,28.172,-394.640,-308.697,11.500,-4.240,-11.220
44,47528.344000,-54.333,-10.119,-241.174,30.208,-399.493,-310.697,13.500,0.760,-10.220
45,47528.379000,-54.333,-11.130,-239.197,28.303,-397.536,-314.603,15.500,6.760,-10.220
46,47528.398000,-53.354,-11.130,-241.174,37.058,-399.555,-310.818,14.500,-2.240,-10.220
47,47528.416000,-53.354,-11.130,-240.185,36.088,-400.514,-310.799,13.500,-7.240,-9.220
48,47528.439000,-52.375,-13.154,-241.174,31.161,-400.471,-308.743,9.500,-14.240,-8.220
49,47528.453000,-56.291,-12.142,-239.197,30.208,-399.493,-310.697,6.500,-8.240,-9.220
50,47528.475000,-53.354,-12.142,-241.174,36.018,-396.646,-308.834,7.500,6.760,-8.220
51,47528.489000,-53.354,-14.166,-241.174,31.213,-400.468,-311.698,4.500,-4.240,-10.220
52,47528.511000,-55.312,-13.154,-242.162,33.118,-398.553,-309.765,1.500,-10.240,-12.220
53,47528.534000,-54.333,-14.166,-240.185,34.148,-400.495,-311.750,4.500,2.760,-7.220
54,47528.557000,-53.354,-13.154,-241.174,35.066,-397.603,-309.800,3.500,5.760,-6.220
55,47528.574000,-53.354,-12.142,-241.174,31.187,-399.502,-310.714,-0.500,4.760,-6.220
56,47528.596000,-54.333,-13.154,-240.185,32.208,-398.540,-313.686,-2.500,2.760,-7.220
57,47528.619000,-53.354,-13.154,-240.185,35.118,-397.600,-312.755,-2.500,-0.240,-7.220
58,47528.636000,-52.375,-13.154,-239.197,35.091,-394.698,-312.758,-3.500,-6.240,-9.220
59,47528.653000,-54.333,-12.142,-240.185,32.183,-399.510,-311.716,-4.500,-5.240,-7.220
60,47528.676000,-53.354,-12.142,-242.162,34.096,-396.626,-310.769,-6.500,4.760,-2.220
61,47528.690000,-51.396,-13.154,-239.197,33.126,-397.585,-310.750,-5.500,-9.240,-6.220
62,47528.718000,-56.291,-12.142,-240.185,36.071,-400.514,-309.815,-9.500,-23.240,-9.220
63,47528.735000,-54.333,-11.130,-242.162,31.125,-396.601,-308.747,-8.500,-15.240,-7.220
64,47528.755000,-53.354,-13.154,-241.174,35.092,-398.570,-310.784,-5.500,0.760,-0.220
65,47528.775000,-52.375,-13.154,-243.151,37.032,-398.589,-309.834,-4.500,2.760,2.780
66,47528.804000,-53.354,-11.130,-243.151,39.941,-397.649,-308.902,-4.500,-10.240,1.780
67,47528.823000,-53.354,-12.142,-240.185,31.100,-399.507,-305.790,-2.500,-0.240,3.780
68,47528.860000,-53.354,-12.142,-241.174,33.126,-397.585,-310.750,-6.500,-7.240,3.780
69,47528.864000,-53.354,-12.142,-241.174,37.958,-396.665,-307.884,-9.500,-2.240,4.780
70,47528.886000,-53.354,-11.130,-244.139,34.165,-398.558,-313.721,-8.500,3.760,7.780
71,47528.904000,-53.354,-10.119,-242.162,31.143,-398.536,-308.745,-6.500,7.760,4.780
72,47528.926000,-52.375,-10.119,-241.174,30.138,-395.625,-308.731,-6.500,3.760,6.780
73,47528.948000,-55.312,-10.119,-241.174,31.133,-393.697,-310.720,-4.500,3.760,7.780
74,47528.964000,-53.354,-12.142,-243.151,35.075,-398.571,-309.799,-1.500,16.760,13.780
75,47528.981000,-53.354,-10.119,-242.162,33.169,-398.550,-312.719,-2.500,9.760,15.780
76,47529.2000,-54.333,-12.142,-241.174,36.070,-398.579,-310.801,-3.500,1.760,13.780
77,47529.24000,-54.333,-10.119,-243.151,33.100,-396.618,-309.767,-1.500,0.760,13.780
78,47529.38000,-54.333,-10.119,-241.174,37.023,-397.621,-309.835,1.500,-4.240,10.780
79,47529.65000,-55.312,-10.119,-241.174,29.212,-397.549,-310.681,0.500,-7.240,6.780
80,47529.94000,-54.333,-10.119,-240.185,35.082,-395.667,-311.772,-0.500,-9.240,5.780
81,47529.111000,-56.291,-11.130,-241.174,28.224,-394.637,-311.652,-2.500,-10.240,8.780
82,47529.131000,-55.312,-9.107,-240.185,30.155,-395.624,-309.716,-6.500,0.760,5.780
83,47529.159000,-54.333,-12.142,-239.197,32.174,-398.542,-311.717,-9.500,-8.240,-1.220
84,47529.176000,-55.312,-11.130,-240.185,35.075,-398.571,-309.799,-13.500,-9.240,-10.220
85,47529.205000,-54.333,-9.107,-240.185,32.165,-397.575,-311.718,-14.500,-7.240,-11.220
86,47529.219000,-54.333,-11.130,-242.162,39.006,-398.605,-310.853,-14.500,-6.240,-9.220
87,47529.220000,-52.375,-9.107,-243.151,36.035,-394.709,-310.805,-13.500,-9.240,-7.220
88,47529.246000,-53.354,-11.130,-242.162,31.213,-400.468,-311.698,-9.500,-19.240,-9.220
89,47529.269000,-54.333,-11.130,-240.185,29.238,-398.515,-311.665,-9.500,-26.240,-9.220
90,47529.291000,-55.312,-10.119,-243.151,29.229,-397.548,-311.666,-10.500,-28.240,-10.220
91,47529.314000,-56.291,-10.119,-243.151,38.997,-397.638,-310.854,-8.500,-15.240,-10.220
92,47529.331000,-55.312,-10.119,-244.139,28.234,-399.476,-309.677,-6.500,-3.240,-8.220
93,47529.349000,-54.333,-10.119,-243.151,30.156,-397.560,-308.729,-3.500,-7.240,-11.220
94,47529.363000,-54.333,-10.119,-243.151,32.200,-399.509,-312.701,-1.500,-9.240,-13.220
95,47529.393000,-56.291,-9.107,-244.139,35.083,-397.602,-310.785,0.500,3.760,-12.220
96,47529.417000,-53.354,-11.130,-242.162,27.281,-396.562,-312.617,5.500,9.760,-10.220
97,47529.438000,-52.375,-10.119,-242.162,31.134,-395.633,-309.733,7.500,5.760,-7.220
98,47529.454000,-53.354,-11.130,-241.174,34.043,-394.693,-308.801,7.500,5.760,-4.220
99,47529.481000,-52.375,-12.142,-242.162,34.078,-396.627,-309.784,7.500,11.760,-0.220
100,47529.504000,-52.375,-11.130,-240.185,33.083,-398.555,-307.795,8.500,2.760,-1.220
101,47529.519000,-53.354,-11.130,-238.208,31.160,-394.664,-311.704,5.500,-7.240,-2.220
102,47529.550000,-53.354,-10.119,-239.197,37.974,-394.728,-309.855,-1.500,-16.240,-2.220
103,47529.570000,-53.354,-10.119,-240.185,37.084,-400.521,-311.802,-6.500,-15.240,-3.220
104,47529.583000,-54.333,-10.119,-240.185,30.164,-394.656,-310.702,-5.500,-3.240,-2.220
105,47529.605000,-53.354,-9.107,-240.185,35.161,-398.566,-314.723,-6.500,-8.240,-2.220
106,47529.645000,-52.375,-11.130,-240.185,38.001,-397.630,-309.852,-9.500,-22.240,-4.220
107,47529.660000,-53.354,-9.107,-242.162,36.140,-400.511,-313.754,-10.500,-22.240,-2.220
108,47529.665000,-54.333,-9.107,-242.162,30.121,-395.626,-307.746,-9.500,-10.240,1.780
109,47529.697000,-56.291,-10.119,-242.162,30.242,-397.555,-313.653,-6.500,14.760,3.780
110,47529.698000,-51.396,-9.107,-243.151,38.001,-397.630,-309.852,-1.500,2.760,3.780
111,47529.731000,-52.375,-10.119,-243.151,30.225,-395.620,-313.655,-2.500,-15.240,3.780
112,47529.754000,-53.354,-11.130,-244.139,18.457,-396.483,-311.477,-1833.500,-263.240,429.780
113,47529.774000,-207.052,31.368,-235.243,12.435,-415.796,-292.643,-949.500,-1340.240,8.780
114,47529.794000,-249.147,-16.190,-306.409,21.257,-410.068,-296.744,175.500,359.760,-195.220
115,47529.811000,95.449,73.866,-230.301,17.427,-398.413,-307.518,993.500,1857.760,-29.220
116,47529.834000,39.648,-35.415,-221.405,19.521,-392.615,-318.391,717.500,1196.760,291.780
117,47529.854000,-101.323,13.154,-265.884,25.342,-398.479,-312.581,-181.500,-372.240,-11.220
118,47529.878000,-54.333,1.012,-261.931,22.406,-396.516,-313.515,-83.500,-26.240,-20.220
119,47529.900000,-61.185,0.000,-268.849,15.574,-398.389,-313.392,-74.500,-127.240,-7.220
120,47529.915000,-64.122,2.024,-273.792,15.548,-397.423,-312.409,-20.500,-32.240,11.780
121,47529.935000,-57.270,1.012,-267.861,20.414,-396.501,-311.511,41.500,87.760,34.780
122,47529.953000,-53.354,1.012,-256.988,21.418,-395.540,-313.499,70.500,80.760,32.780
123,47529.974000,-45.522,0.000,-250.069,16.500,-398.401,-310.455,78.500,7.760,19.780
124,47529.993000,-53.354,-1.012,-247.104,20.501,-400.367,-314.462,65.500,-83.240,15.780
125,47530.23000,-61.185,-2.024,-247.104,25.315,-397.512,-311.597,66.500,-93.240,10.780
126,47530.29000,-60.207,-3.036,-242.162,26.320,-398.488,-312.598,79.500,-42.240,-1.220
127,47530.56000,-54.333,-3.036,-235.243,19.392,-395.526,-309.525,77.500,10.760,-4.220
128,47530.99000,-54.333,-3.036,-236.232,28.312,-398.504,-314.602,65.500,22.760,-6.220
129,47530.116000,-53.354,-6.071,-235.243,28.190,-396.575,-308.695,51.500,18.760,-7.220
130,47530.130000,-50.417,-6.071,-235.243,29.195,-399.486,-308.710,36.500,-3.240,-11.220
131,47530.139000,-53.354,-3.036,-236.232,28.208,-398.509,-308.693,23.500,-21.240,-15.220
132,47530.161000,-54.333,-6.071,-235.243,24.338,-401.375,-309.606,16.500,-4.240,-14.220
133,47530.182000,-53.354,-6.071,-234.255,26.303,-398.489,-311.613,10.500,4.760,-11.220
134,47530.208000,-50.417,-6.071,-234.255,29.256,-402.386,-310.676,4.500,-4.240,-9.220
135,47530.224000,-53.354,-5.059,-238.208,28.260,-398.507,-311.648,-5.500,-27.240,-6.220
136,47530.245000,-52.375,-6.071,-239.197,30.199,-398.525,-310.698,-16.500,-17.240,-4.220
137,47530.268000,-53.354,-4.047,-238.208,24.346,-400.407,-310.592,-17.500,-7.240,-5.220
138,47530.290000,-53.354,-5.059,-237.220,21.315,-397.482,-306.604,-24.500,-5.240,-8.220
139,47530.310000,-54.333,-4.047,-240.185,24.372,-401.373,-311.576,-26.500,-1.240,-5.220
140,47530.328000,-53.354,-5.059,-241.174,25.220,-396.550,-306.674,-24.500,-0.240,5.780
141,47530.355000,-53.354,-4.047,-242.162,24.337,-399.439,-310.593,-22.500,-8.240,7.780
142,47530.369000,-54.333,-4.047,-243.151,23.324,-397.497,-309.593,-21.500,-18.240,10.780
143,47530.391000,-55.312,-5.059,-244.139,25.333,-397.511,-312.582,-21.500,-11.240,9.780
144,47530.408000,-54.333,-4.047,-243.151,22.354,-398.455,-309.574,-20.500,-0.240,4.780
145,47530.425000,-55.312,-4.047,-244.139,20.414,-398.436,-310.525,-16.500,-6.240,0.780
146,47530.453000,-56.291,-3.036,-245.127,21.401,-395.541,-312.514,-19.500,-14.240,-2.220
147,47530.468000,-54.333,-4.047,-245.127,20.432,-398.435,-311.509,-17.500,-11.240,-1.220
148,47530.499000,-56.291,-3.036,-246.116,24.381,-400.405,-312.561,-6.500,-3.240,3.780
149,47530.511000,-55.312,-5.059,-245.127,28.226,-402.380,-307.705,-2.500,-3.240,1.780
150,47530.531000,-54.333,-4.047,-244.139,18.475,-398.418,-311.475,1.500,-22.240,-0.220
151,47530.559000,-56.291,-4.047,-244.139,20.458,-399.402,-312.493,1.500,-24.240,-2.220
152,47530.574000,-58.249,-2.024,-244.139,22.389,-400.389,-310.557,3.500,-11.240,-4.220
153,47530.591000,-55.312,-2.024,-244.139,22.364,-401.358,-308.587,7.500,-5.240,-8.220
154,47530.614000,-57.270,-3.036,-245.127,25.290,-398.482,-309.626,6.500,-5.240,-12.220
155,47530.632000,-55.312,-2.024,-244.139,26.276,-395.587,-311.616,10.500,4.760,-14.220
156,47530.655000,-53.354,-3.036,-245.127,21.419,-399.412,-311.526,16.500,3.760,-9.220
157,47530.678000,-54.333,-4.047,-245.127,23.298,-396.530,-308.609,15.500,-1.240,-10.220
158,47530.695000,-53.354,-3.036,-244.139,24.320,-397.505,-310.595,17.500,-8.240,-8.220
159,47530.720000,-53.354,-4.047,-241.174,28.190,-398.510,-307.709,20.500,-12.240,-8.220
160,47530.740000,-54.333,-6.071,-242.162,25.238,-398.485,-306.672,23.500,-10.240,-9.220
161,47530.758000,-53.354,-5.059,-241.174,22.416,-403.291,-310.554,26.500,-5.240,-8.220
162,47530.780000,-53.354,-4.047,-240.185,25.281,-399.450,-308.641,26.500,-10.240,-2.220
163,47530.798000,-53.354,-6.071,-238.208,23.315,-398.465,-308.607,19.500,-19.240,-3.220
164,47530.815000,-54.333,-6.071,-238.208,25.290,-398.482,-309.626,13.500,-14.240,-7.220
165,47530.838000,-55.312,-7.083,-237.220,30.155,-395.624,-309.716,12.500,-7.240,-8.220
166,47530.860000,-54.333,-9.107,-238.208,30.174,-401.430,-307.740,5.500,-19.240,-11.220
167,47530.880000,-54.333,-7.083,-240.185,28.243,-400.443,-309.676,2.500,-23.240,-12.220
168,47530.903000,-54.333,-7.083,-238.208,23.272,-397.500,-306.638,-2.500,-30.240,-11.220
169,47530.938000,-57.270,-5.059,-237.220,27.221,-399.469,-307.690,-4.500,-14.240,-9.220
170,47530.950000,-55.312,-7.083,-240.185,28.208,-398.509,-308.693,-2.500,-4.240,-8.220
171,47530.969000,-55.312,-5.059,-240.185,32.114,-401.449,-306.790,-3.500,5.760,-8.220
172,47530.978000,-54.333,-7.083,-239.197,25.238,-400.421,-305.685,-8.500,-4.240,-9.220
173,47531.16000,-54.333,-8.095,-240.185,29.169,-398.519,-307.726,-12.500,-19.240,-8.220
174,47531.33000,-56.291,-6.071,-241.174,33.153,-400.487,-310.748,-18.500,-23.240,-11.220
175,47531.50000,-58.249,-8.095,-243.151,25.247,-399.452,-306.671,-16.500,-12.240,-9.220
176,47531.68000,-54.333,-7.083,-242.162,33.110,-401.457,-307.792,-15.500,7.760,-7.220
177,47531.90000,-53.354,-6.071,-243.151,29.178,-399.487,-307.725,-13.500,5.760,-5.220
178,47531.113000,-54.333,-4.047,-242.162,27.186,-399.471,-305.721,-17.500,-3.240,-5.220
179,47531.133000,-53.354,-3.036,-241.174,21.341,-398.448,-307.588,-18.500,-15.240,-4.220
180,47531.150000,-54.333,-6.071,-244.139,30.271,-406.265,-310.690,-19.500,-17.240,-3.220
181,47531.167000,-54.333,-4.047,-242.162,25.246,-397.516,-307.658,-18.500,-15.240,-5.220
182,47531.185000,-57.270,-3.036,-244.139,26.269,-400.427,-308.657,-14.500,-11.240,-3.220
183,47531.204000,-55.312,-5.059,-245.127,25.282,-401.386,-307.654,-8.500,3.760,1.780
184,47531.226000,-54.333,-4.047,-243.151,28.243,-402.379,-308.690,-2.500,-3.240,5.780
185,47531.249000,-55.312,-6.071,-243.151,31.144,-400.472,-307.759,-3.500,-15.240,3.780
186,47531.270000,-56.291,-5.059,-244.139,22.337,-400.392,-307.603,-2.500,-18.240,2.780
187,47531.298000,-55.312,-7.083,-244.139,24.268,-397.507,-307.641,-0.500,-17.240,2.780
188,47531.334000,-55.312,-4.047,-243.151,26.269,-400.427,-308.657,2.500,-11.240,2.780
189,47531.363000,-56.291,-4.047,-243.151,25.264,-399.451,-307.656,4.500,-16.240,3.780
190,47531.366000,-56.291,-4.047,-243.151,28.190,-398.510,-307.709,6.500,-16.240,4.780
191,47531.380000,-53.354,-5.059,-244.139,22.338,-402.328,-306.616,7.500,-18.240,5.780
192,47531.398000,-57.270,-5.059,-242.162,34.115,-404.368,-307.807,10.500,-17.240,5.780
193,47531.416000,-57.270,-5.059,-241.174,24.312,-402.345,-307.636,11.500,-5.240,6.780
194,47531.443000,-55.312,-4.047,-242.162,26.234,-402.364,-305.701,11.500,-6.240,6.780
195,47531.463000,-57.270,-5.059,-239.197,29.196,-403.357,-306.736,13.500,-15.240,9.780
196,47531.480000,-57.270,-6.071,-241.174,28.165,-401.416,-304.752,10.500,-16.240,12.780
197,47531.500000,-55.312,-6.071,-241.174,25.220,-398.486,-305.687,9.500,-13.240,12.780
198,47531.518000,-58.249,-6.071,-239.197,24.313,-404.280,-306.649,6.500,-17.240,8.780
199,47531.545000,-57.270,-7.083,-239.197,22.294,-401.362,-304.648,4.500,-11.240,7.780
200,47531.565000,-55.312,-5.059,-239.197,28.078,-399.485,-300.814,2.500,-11.240,5.780
201,47531.583000,-57.270,-5.059,-240.185,24.234,-401.381,-303.698,-2.500,-16.240,6.780
202,47531.605000,-57.270,-5.059,-240.185,22.312,-403.297,-304.646,-8.500,-13.240,4.780
203,47531.628000,-57.270,-4.047,-241.174,24.260,-402.347,-304.681,-6.500,-7.240,4.780
204,47531.648000,-56.291,-4.047,-240.185,30.175,-405.302,-305.767,-6.500,-15.240,1.780
205,47531.670000,-58.249,-4.047,-239.197,21.342,-402.320,-305.614,-7.500,-20.240,5.780
206,47531.693000,-57.270,-4.047,-242.162,22.338,-402.328,-306.616,-7.500,-16.240,7.780
207,47531.710000,-59.228,-4.047,-242.162,29.110,-403.362,-301.813,-5.500,-9.240,8.780
208,47531.733000,-58.249,-4.047,-243.151,27.247,-400.435,-308.674,-3.500,-2.240,6.780
209,47531.752000,-61.185,-4.047,-242.162,22.329,-403.296,-305.631,-2.500,0.760,4.780
210,47531.784000,-57.270,-6.071,-241.174,24.304,-403.313,-306.650,-0.500,-2.240,0.780
211,47531.789000,-57.270,-4.047,-242.162,27.222,-403.341,-305.717,-1.500,-29.240,-1.220
212,47531.806000,-61.185,-4.047,-243.151,25.327,-408.159,-306.662,-2.500,-20.240,-2.220
213,47531.830000,-59.228,-5.059,-243.151,23.291,-405.242,-303.676,-0.500,-12.240,-4.220
214,47531.851000,-59.228,-5.059,-243.151,25.274,-404.290,-305.681,-0.500,-7.240,-8.220
215,47531.873000,-59.228,-3.036,-242.162,28.201,-405.285,-304.748,4.500,-4.240,-10.220
216,47531.891000,-59.228,-4.047,-241.174,20.311,-400.378,-303.629,4.500,-12.240,-9.220
217,47531.911000,-59.228,-4.047,-242.162,23.247,-400.405,-303.681,6.500,-9.240,-9.220
218,47531.934000,-59.228,-3.036,-241.174,29.196,-401.422,-307.723,8.500,5.760,-5.220
219,47531.956000,-56.291,-6.071,-241.174,29.109,-401.426,-302.799,4.500,5.760,-5.220
220,47531.979000,-55.312,-6.071,-242.162,29.144,-403.360,-303.782,0.500,-8.240,-12.220
221,47532.6000,-57.270,-6.071,-240.185,23.291,-403.306,-304.663,4.500,-8.240,-14.220
222,47532.21000,-58.249,-4.047,-242.162,29.136,-404.329,-302.796,6.500,3.760,-4.220
223,47532.44000,-55.312,-6.071,-241.174,24.286,-403.314,-305.665,8.500,-0.240,-3.220
224,47532.61000,-56.291,-7.083,-241.174,25.204,-402.358,-302.729,7.500,-19.240,-0.220
225,47532.79000,-58.249,-4.047,-239.197,28.192,-404.318,-304.749,7.500,-20.240,2.780
226,47532.106000,-58.249,-5.059,-240.185,29.171,-406.262,-303.779,3.500,-13.240,-0.220
227,47532.125000,-57.270,-4.047,-240.185,28.148,-401.417,-303.767,0.500,-1.240,-4.220
228,47532.144000,-58.249,-6.071,-239.197,22.286,-404.266,-302.675,0.500,4.760,-7.220
229,47532.163000,-57.270,-5.059,-238.208,28.165,-401.416,-304.752,-3.500,1.760,-5.220
230,47532.186000,-58.249,-7.083,-240.185,25.230,-403.325,-303.713,-8.500,4.760,-4.220
231,47532.209000,-58.249,-4.047,-239.197,26.199,-400.430,-304.718,-8.500,4.760,-2.220
232,47532.224000,-57.270,-5.059,-239.197,25.221,-402.357,-303.714,-7.500,7.760,-7.220
233,47532.246000,-56.291,-5.059,-240.185,28.183,-403.350,-304.750,-8.500,1.760,-5.220
234,47532.264000,-59.228,-5.059,-240.185,24.339,-407.182,-306.646,-14.500,-16.240,-9.220
235,47532.286000,-62.164,-4.047,-241.174,25.221,-400.422,-304.701,-14.500,-10.240,-10.220
236,47532.301000,-56.291,-3.036,-245.127,26.156,-401.401,-301.763,-11.500,7.760,-7.220
237,47532.334000,-56.291,-4.047,-243.151,30.078,-398.532,-303.804,-6.500,-7.240,-10.220
238,47532.354000,-58.249,-4.047,-242.162,31.136,-403.376,-305.786,-6.500,-22.240,-8.220
239,47532.369000,-58.249,-4.047,-243.151,23.229,-400.406,-302.696,-2.500,-6.240,0.780
240,47532.391000,-57.270,-4.047,-242.162,23.299,-402.338,-305.649,2.500,7.760,2.780
241,47532.414000,-56.291,-7.083,-241.174,27.196,-402.374,-304.733,5.500,5.760,2.780
242,47532.436000,-57.270,-7.083,-240.185,25.274,-404.290,-305.681,3.500,-15.240,1.780
243,47532.451000,-57.270,-3.036,-243.151,24.269,-403.315,-304.680,2.500,-20.240,0.780
244,47532.474000,-58.249,-5.059,-239.197,29.162,-403.359,-304.767,1.500,-9.240,-1.220
245,47532.489000,-57.270,-5.059,-242.162,31.110,-404.345,-303.816,2.500,5.760,-1.220
246,47532.531000,-56.291,-4.047,-241.174,27.135,-401.410,-301.780,4.500,10.760,-1.220
247,47532.545000,-57.270,-4.047,-239.197,23.291,-403.306,-304.663,4.500,3.760,-0.220
248,47532.563000,-57.270,-3.036,-240.185,30.105,-403.370,-302.815,2.500,-5.240,5.780
249,47532.576000,-57.270,-6.071,-240.185,30.131,-400.465,-305.772,2.500,-3.240,8.780
250,47532.601000,-57.270,-6.071,-241.174,25.152,-400.425,-300.762,1.500,-1.240,8.780
251,47532.616000,-57.270,-6.071,-240.185,24.304,-403.313,-306.650,-1.500,-11.240,5.780
252,47532.649000,-57.270,-5.059,-240.185,26.200,-402.366,-303.731,-4.500,-13.240,2.780
253,47532.659000,-58.249,-6.071,-239.197,23.308,-403.305,-305.648,-4.500,-1.240,2.780
254,47532.673000,-56.291,-5.059,-241.174,23.220,-399.438,-302.697,-4.500,9.760,4.780
255,47532.690000,-57.270,-5.059,-242.162,27.231,-404.308,-305.716,-5.500,1.760,5.780
256,47532.718000,-56.291,-5.059,-240.185,28.122,-400.450,-302.783,-4.500,-7.240,3.780
257,47532.740000,-58.249,-4.047,-240.185,29.100,-400.459,-302.800,-7.500,-11.240,3.780
258,47532.763000,-59.228,-4.047,-240.185,27.170,-403.343,-302.763,-4.500,2.760,5.780
259,47532.805000,-56.291,-5.059,-240.185,24.225,-400.414,-303.699,-3.500,5.760,8.780
260,47532.811000,-59.228,-5.059,-240.185,24.243,-404.284,-302.710,-5.500,1.760,11.780
261,47532.825000,-58.249,-5.059,-242.162,25.186,-400.423,-302.731,-8.500,1.760,11.780
262,47532.848000,-59.228,-3.036,-242.162,23.273,-403.307,-303.678,-7.500,10.760,10.780
263,47532.865000,-58.249,-3.036,-241.174,25.186,-400.423,-302.731,-4.500,8.760,6.780
264,47532.883000,-58.249,-5.059,-243.151,24.269,-401.379,-305.667,-2.500,2.760,0.780
265,47532.903000,-57.270,-4.047,-241.174,21.307,-402.322,-303.645,1.500,2.760,4.780
266,47532.925000,-58.249,-4.047,-240.185,20.381,-402.310,-306.582,2.500,4.760,9.780
267,47532.948000,-55.312,-4.047,-243.151,24.252,-403.316,-303.696,-4.500,-18.240,5.780
268,47532.965000,-57.270,-5.059,-242.162,28.131,-401.418,-302.782,-6.500,-24.240,2.780
269,47532.976000,-59.228,-4.047,-241.174,21.272,-400.388,-302.662,-6.500,-15.240,-2.220
270,47533.4000,-59.228,-4.047,-243.151,22.277,-399.427,-304.650,-2.500,-3.240,-1.220
271,47533.26000,-56.291,-4.047,-243.151,23.229,-398.470,-303.683,-1.500,-6.240,-1.220
272,47533.47000,-58.249,-3.036,-242.162,25.238,-400.421,-305.685,-2.500,-17.240,-0.220
273,47533.63000,-60.207,-3.036,-243.151,21.342,-402.320,-305.614,0.500,-3.240,3.780
274,47533.89000,-57.270,-4.047,-242.162,29.170,-402.391,-305.753,2.500,5.760,2.780
275,47533.106000,-56.291,-4.047,-244.139,28.210,-406.253,-304.747,3.500,-3.240,0.780
276,47533.129000,-56.291,-4.047,-242.162,20.390,-403.277,-306.581,2.500,-14.240,-0.220
277,47533.149000,-58.249,-4.047,-241.174,20.381,-402.310,-306.582,1.500,-12.240,-0.220
278,47533.171000,-58.249,-4.047,-241.174,26.244,-405.267,-304.713,1.500,-5.240,1.780
279,47533.194000,-56.291,-5.059,-239.197,27.266,-406.242,-306.699,3.500,-7.240,-1.220
280,47533.214000,-58.249,-4.047,-241.174,25.177,-399.456,-302.732,3.500,-16.240,2.780
281,47533.228000,-55.312,-5.059,-242.162,21.334,-405.224,-303.642,0.500,-27.240,0.780
282,47533.249000,-58.249,-4.047,-242.162,27.178,-402.375,-303.748,-0.500,-28.240,-0.220
283,47533.271000,-60.207,-3.036,-242.162,27.161,-400.440,-303.750,1.500,-0.240,-2.220
284,47533.290000,-58.249,-4.047,-241.174,21.290,-400.387,-303.647,6.500,2.760,-3.220
285,47533.313000,-57.270,-3.036,-242.162,29.170,-404.327,-304.766,8.500,-2.240,-1.220
286,47533.333000,-56.291,-3.036,-243.151,25.256,-402.355,-305.683,9.500,-4.240,3.780
287,47533.355000,-58.249,-4.047,-241.174,27.101,-403.347,-298.824,6.500,-6.240,3.780
288,47533.373000,-58.249,-5.059,-242.162,22.303,-402.330,-304.647,7.500,12.760,2.780
289,47533.395000,-56.291,-3.036,-241.174,21.325,-404.257,-303.643,4.500,13.760,-1.220
290,47533.418000,-57.270,-5.059,-242.162,23.290,-401.370,-305.650,4.500,6.760,-1.220
291,47533.440000,-55.312,-6.071,-241.174,27.143,-400.441,-302.766,7.500,-5.240,5.780
292,47533.463000,-55.312,-5.059,-239.197,22.286,-404.266,-302.675,6.500,-7.240,9.780
293,47533.480000,-58.249,-5.059,-240.185,23.247,-402.340,-302.695,6.500,-3.240,14.780
294,47533.500000,-56.291,-5.059,-238.208,22.286,-402.331,-303.662,7.500,-5.240,10.780
295,47533.523000,-58.249,-6.071,-240.185,20.337,-401.344,-304.613,5.500,-9.240,9.780
296,47533.540000,-56.291,-4.047,-242.162,28.192,-406.254,-303.762,-2.500,-7.240,5.780
297,47533.558000,-59.228,-5.059,-239.197,26.191,-403.335,-302.745,-2.500,-6.240,5.780
298,47533.579000,-57.270,-4.047,-240.185,28.165,-401.416,-304.752,-3.500,-7.240,4.780
299,47533.601000,-58.249,-5.059,-241.174,21.264,-401.356,-301.676,-3.500,-9.240,6.780
300,47533.626000,-59.228,-6.071,-240.185,21.334,-405.224,-303.642,-3.500,-0.240,5.780
301,47533.650000,-57.270,-6.071,-240.185,23.230,-402.341,-301.710,-2.500,3.760,5.780
302,47533.668000,-57.270,-7.083,-241.174,25.309,-408.160,-305.678,-0.500,-3.240,1.780
303,47533.705000,-58.249,-5.059,-240.185,29.126,-399.490,-304.771,-4.500,-8.240,0.780
304,47533.714000,-58.249,-5.059,-241.174,27.188,-405.278,-302.761,-7.500,-17.240,2.780
305,47533.734000,-59.228,-4.047,-241.174,27.161,-400.440,-303.750,-14.500,-22.240,-1.220
306,47533.749000,-60.207,-2.024,-240.185,28.183,-403.350,-304.750,-11.500,-11.240,-4.220
307,47533.771000,-57.270,-4.047,-239.197,19.386,-406.174,-303.606,-9.500,2.760,-8.220
308,47533.794000,-55.312,-4.047,-242.162,27.178,-402.375,-303.748,-9.500,-1.240,-3.220
309,47533.811000,-57.270,-4.047,-240.185,24.296,-406.217,-304.677,-11.500,-9.240,1.780
310,47533.840000,-60.207,-5.059,-240.185,19.350,-402.304,-303.610,-12.500,-13.240,1.780
311,47533.858000,-59.228,-5.059,-242.162,29.153,-404.328,-303.781,-5.500,4.760,2.780
312,47533.880000,-57.270,-3.036,-240.185,25.221,-402.357,-303.714,-2.500,11.760,0.780
313,47533.903000,-56.291,-5.059,-241.174,20.346,-402.312,-304.612,-4.500,8.760,0.780
314,47533.911000,-58.249,-4.047,-242.162,21.316,-401.353,-304.630,-9.500,2.760,-0.220
315,47533.931000,-57.270,-5.059,-241.174,25.265,-403.323,-305.682,-10.500,14.760,-1.220
316,47533.966000,-58.249,-4.047,-242.162,24.252,-403.316,-303.696,-6.500,14.760,-4.220
317,47533.976000,-57.270,-3.036,-243.151,21.324,-400.385,-305.616,-3.500,10.760,-3.220
318,47533.990000,-55.312,-4.047,-242.162,19.342,-401.337,-303.611,0.500,8.760,2.780
319,47534.18000,-57.270,-5.059,-240.185,23.255,-401.372,-303.680,1.500,3.760,9.780
320,47534.36000,-58.249,-5.059,-243.151,20.364,-402.311,-305.597,1.500,-4.240,11.780
321,47534.56000,-58.249,-4.047,-243.151,23.290,-401.370,-305.650,-1.500,-5.240,7.780
322,47534.80000,-60.207,-4.047,-243.151,24.304,-403.313,-306.650,0.500,-2.240,1.780
323,47534.96000,-59.228,-4.047,-243.151,24.261,-406.219,-302.708,0.500,7.760,-2.220
324,47534.119000,-57.270,-4.047,-243.151,19.385,-402.302,-305.580,2.500,0.760,-3.220
325,47534.157000,-58.249,-4.047,-241.174,21.298,-399.419,-304.632,3.500,-9.240,-1.220
326,47534.175000,-59.228,-2.024,-242.162,21.377,-402.318,-307.584,5.500,-10.240,-0.220
327,47534.189000,-56.291,-5.059,-243.151,27.222,-403.341,-305.717,8.500,-7.240,0.780
328,47534.204000,-56.291,-5.059,-240.185,28.140,-402.385,-302.781,7.500,-12.240,-2.220
329,47534.224000,-58.249,-4.047,-240.185,20.277,-400.380,-301.660,6.500,-12.240,-1.220
330,47534.246000,-55.312,-5.059,-240.185,24.242,-400.413,-304.683,6.500,-16.240,-2.220
331,47534.264000,-57.270,-5.059,-241.174,21.290,-400.387,-303.647,2.500,-22.240,-3.220
332,47534.280000,-58.249,-4.047,-239.197,22.364,-403.294,-307.600,3.500,-7.240,-6.220
333,47534.306000,-59.228,-3.036,-239.197,21.377,-404.254,-306.597,5.500,9.760,-5.220
334,47534.309000,-56.291,-6.071,-239.197,28.191,-402.382,-305.735,1.500,14.760,-4.220
335,47534.342000,-54.333,-6.071,-240.185,27.205,-403.342,-304.732,-5.500,-2.240,-3.220
336,47534.363000,-57.270,-4.047,-241.174,19.368,-402.303,-304.595,-5.500,5.760,-2.220
337,47534.380000,-57.270,-5.059,-238.208,21.360,-404.255,-305.612,2.500,20.760,2.780
338,47534.403000,-54.333,-7.083,-238.208,29.118,-400.458,-303.785,2.500,9.760,5.780
339,47534.425000,-54.333,-6.071,-239.197,20.355,-401.343,-305.598,-2.500,-3.240,6.780
340,47534.453000,-57.270,-5.059,-239.197,24.321,-403.312,-307.635,-11.500,-16.240,7.780
341,47534.468000,-57.270,-5.059,-240.185,22.321,-402.329,-305.632,-16.500,2.760,5.780
342,47534.498000,-56.291,-4.047,-241.174,26.226,-403.333,-304.715,-14.500,15.760,-0.220
343,47534.510000,-55.312,-2.024,-242.162,23.352,-406.206,-306.630,-12.500,-1.240,-3.220
344,47534.530000,-57.270,-3.036,-241.174,19.367,-400.367,-305.582,-9.500,-0.240,2.780
345,47534.557000,-56.291,-4.047,-241.174,28.270,-405.281,-308.687,-4.500,5.760,12.780
346,47534.576000,-56.291,-4.047,-241.174,24.277,-402.346,-305.666,-5.500,-5.240,17.780
347,47534.597000,-56.291,-3.036,-241.174,23.326,-405.240,-305.646,-7.500,-8.240,11.780
348,47534.652000,-60.207,-4.047,-240.185,27.248,-402.371,-307.688,-9.500,-2.240,9.780
349,47534.658000,-58.249,-4.047,-241.174,26.278,-405.266,-306.683,-11.500,5.760,1.780
350,47534.658000,-56.291,-2.024,-241.174,26.217,-402.365,-304.716,-13.500,2.760,-4.220
351,47534.680000,-57.270,-2.024,-242.162,22.285,-400.395,-304.649,-13.500,-3.240,-6.220
352,47534.695000,-57.270,-4.047,-241.174,23.325,-403.304,-306.633,-11.500,-1.240,-0.220
353,47534.717000,-57.270,-2.024,-245.127,31.162,-404.343,-306.770,-7.500,-0.240,3.780
354,47534.737000,-55.312,-2.024,-244.139,20.329,-402.313,-303.627,-9.500,-11.240,-1.220
355,47534.755000,-57.270,-2.024,-243.151,19.315,-398.434,-303.614,-6.500,-4.240,-3.220
356,47534.777000,-54.333,-3.036,-243.151,18.441,-400.355,-308.519,-1.500,22.760,-2.220
357,47534.793000,-54.333,-3.036,-244.139,26.225,-399.461,-306.688,0.500,20.760,-2.220
358,47534.820000,-55.312,-3.036,-244.139,25.230,-401.389,-304.700,1.500,2.760,-0.220
359,47534.840000,-57.270,-3.036,-242.162,20.328,-400.377,-304.614,5.500,0.760,7.780
360,47534.860000,-56.291,-3.036,-243.151,19.393,-401.334,-306.565,9.500,9.760,8.780
361,47534.878000,-54.333,-4.047,-242.162,20.345,-398.440,-306.586,13.500,11.760,12.780
362,47534.900000,-56.291,-4.047,-242.162,23.333,-400.400,-308.605,9.500,-7.240,10.780
363,47534.920000,-56.291,-3.036,-241.174,21.377,-404.254,-306.597,5.500,-14.240,8.780
364,47534.954000,-57.270,-4.047,-242.162,23.325,-403.304,-306.633,4.500,-9.240,6.780
365,47534.970000,-58.249,-5.059,-242.162,26.312,-401.392,-310.625,6.500,-5.240,1.780
366,47534.993000,-57.270,-3.036,-243.151,20.372,-401.342,-306.583,7.500,-4.240,1.780
367,47535.8000,-56.291,-3.036,-241.174,23.378,-405.237,-308.600,8.500,-9.240,3.780
368,47535.35000,-58.249,-4.047,-242.162,27.151,-397.537,-304.738,8.500,-17.240,5.780
369,47535.45000,-59.228,-4.047,-243.151,25.238,-398.485,-306.672,14.500,-8.240,5.780
370,47535.69000,-57.270,-3.036,-241.174,19.350,-402.304,-303.610,14.500,-0.240,1.780
371,47535.91000,-58.249,-3.036,-241.174,22.329,-403.296,-305.631,13.500,-2.240,2.780
372,47535.109000,-58.249,-6.071,-241.174,24.312,-402.345,-307.636,13.500,-8.240,-0.220
373,47535.142000,-57.270,-4.047,-241.174,24.330,-404.279,-307.634,13.500,-9.240,0.780
374,47535.160000,-56.291,-4.047,-239.197,24.320,-401.376,-308.621,10.500,-10.240,-1.220
375,47535.174000,-56.291,-5.059,-238.208,24.330,-406.215,-306.647,8.500,-23.240,-2.220
376,47535.190000,-60.207,-5.059,-239.197,23.335,-406.207,-305.645,0.500,-17.240,-3.220
377,47535.216000,-57.270,-3.036,-240.185,20.363,-400.375,-306.584,-3.500,4.760,-1.220
378,47535.236000,-56.291,-3.036,-240.185,20.389,-401.342,-307.567,-5.500,8.760,-5.220
379,47535.256000,-55.312,-3.036,-240.185,23.229,-400.406,-302.696,-5.500,0.760,-7.220
380,47535.279000,-54.333,-3.036,-239.197,21.307,-400.386,-304.631,-5.500,-10.240,-4.220
381,47535.299000,-56.291,-5.059,-242.162,20.303,-401.346,-302.644,-6.500,-24.240,0.780
382,47535.316000,-56.291,-5.059,-242.162,21.360,-404.255,-305.612,-5.500,-30.240,3.780
383,47535.339000,-59.228,-4.047,-243.151,22.259,-399.428,-303.665,-2.500,-23.240,5.780
384,47535.358000,-58.249,-6.071,-241.174,21.316,-403.289,-303.644,2.500,-1.240,6.780
385,47535.375000,-57.270,-5.059,-243.151,21.359,-402.319,-306.599,1.500,4.760,4.780
386,47535.398000,-56.291,-4.047,-242.162,20.372,-401.342,-306.583,1.500,-9.240,1.780
387,47535.425000,-58.249,-5.059,-242.162,24.243,-402.348,-303.697,0.500,-15.240,1.780
388,47535.435000,-57.270,-6.071,-243.151,28.174,-402.383,-304.751,4.500,-2.240,2.780
389,47535.473000,-56.291,-4.047,-243.151,21.299,-401.354,-303.646,7.500,-8.240,2.780
390,47535.473000,-58.249,-4.047,-244.139,19.368,-402.303,-304.595,9.500,-5.240,0.780
391,47535.501000,-55.312,-5.059,-243.151,21.281,-401.355,-302.661,16.500,0.760,4.780
392,47535.522000,-57.270,-5.059,-241.174,27.143,-398.505,-303.752,16.500,-4.240,5.780
393,47535.539000,-57.270,-4.047,-243.151,22.294,-399.426,-305.634,16.500,-5.240,7.780
394,47535.556000,-58.249,-5.059,-238.208,22.329,-403.296,-305.631,16.500,-7.240,6.780
395,47535.579000,-58.249,-6.071,-238.208,28.183,-403.350,-304.750,12.500,-6.240,1.780
396,47535.597000,-57.270,-6.071,-239.197,23.273,-403.307,-303.678,9.500,-8.240,0.780
397,47535.618000,-56.291,-7.083,-240.185,19.324,-401.337,-302.626,4.500,-13.240,-3.220
398,47535.631000,-57.270,-7.083,-238.208,25.195,-401.391,-302.730,3.500,-4.240,-3.220
399,47535.664000,-58.249,-7.083,-239.197,28.183,-403.350,-304.750,0.500,-3.240,-4.220
400,47535.678000,-55.312,-5.059,-240.185,22.295,-403.298,-303.661,1.500,-10.240,-2.220
401,47535.700000,-58.249,-5.059,-239.197,21.308,-404.258,-302.658,0.500,-17.240,-3.220
402,47535.723000,-58.249,-6.071,-241.174,24.261,-404.283,-303.695,-2.500,-15.240,-0.220
403,47535.745000,-57.270,-5.059,-240.185,24.260,-402.347,-304.681,-3.500,-8.240,-1.220
404,47535.762000,-57.270,-5.059,-241.174,20.268,-401.348,-300.674,-4.500,-0.240,-4.220
405,47535.785000,-58.249,-5.059,-241.174,28.209,-404.317,-305.733,-0.500,0.760,-1.220
406,47535.845000,-57.270,-5.059,-243.151,23.266,-408.147,-300.719,-2.500,-7.240,-2.220
407,47535.850000,-56.291,-6.071,-242.162,26.227,-405.268,-303.728,-1.500,-13.240,2.780
408,47535.850000,-58.249,-5.059,-243.151,20.364,-404.247,-304.610,7.500,-0.240,1.780
409,47535.871000,-59.228,-4.047,-242.162,22.278,-405.235,-301.690,12.500,8.760,2.780
410,47535.894000,-57.270,-7.083,-241.174,24.277,-402.346,-305.666,9.500,0.760,3.780
411,47535.916000,-57.270,-7.083,-241.174,22.190,-399.432,-299.726,4.500,-13.240,-0.220
412,47535.931000,-59.228,-4.047,-239.197,24.234,-401.381,-303.698,3.500,-16.240,-1.220
413,47535.954000,-58.249,-4.047,-240.185,26.200,-404.302,-302.744,0.500,-12.240,-6.220
414,47535.963000,-56.291,-4.047,-241.174,23.300,-406.209,-303.675,2.500,-12.240,-8.220
415,47535.993000,-56.291,-4.047,-239.197,23.229,-400.406,-302.696,2.500,-11.240,-3.220
416,47536.10000,-58.249,-5.059,-238.208,24.190,-400.416,-301.729,3.500,-0.240,0.780
417,47536.32000,-56.291,-7.083,-239.197,25.186,-400.423,-302.731,-0.500,7.760,3.780
418,47536.63000,-57.270,-5.059,-240.185,27.144,-404.313,-300.792,-1.500,-1.240,0.780
419,47536.73000,-59.228,-6.071,-243.151,18.364,-403.263,-302.607,-1.500,-9.240,-2.220
420,47536.99000,-57.270,-7.083,-241.174,28.175,-404.319,-303.764,-4.500,-10.240,-1.220
421,47536.119000,-58.249,-4.047,-241.174,22.269,-402.332,-302.677,-4.500,-15.240,-2.220
422,47536.147000,-59.228,-7.083,-242.162,26.131,-404.306,-298.805,-4.500,-23.240,-1.220
423,47536.168000,-58.249,-6.071,-242.162,25.248,-403.324,-304.698,-2.500,-18.240,-3.220
424,47536.181000,-59.228,-6.071,-242.162,29.075,-403.364,-299.843,1.500,-14.240,-2.220
425,47536.204000,-59.228,-5.059,-241.174,31.119,-405.313,-303.815,3.500,-1.240,1.780
426,47536.221000,-58.249,-6.071,-242.162,25.196,-405.262,-300.757,3.500,-1.240,0.780
427,47536.239000,-59.228,-5.059,-241.174,27.205,-405.277,-303.746,7.500,-5.240,1.780
428,47536.261000,-59.228,-5.059,-238.208,25.082,-398.494,-297.809,7.500,-4.240,1.780
429,47536.295000,-58.249,-7.083,-240.185,29.170,-404.327,-304.766,4.500,3.760,2.780
430,47536.304000,-56.291,-7.083,-240.185,25.152,-402.361,-299.775,5.500,0.760,0.780
431,47536.322000,-59.228,-6.071,-239.197,23.308,-405.241,-304.661,3.500,-18.240,-3.220
432,47536.343000,-60.207,-7.083,-241.174,25.222,-406.229,-301.740,0.500,-12.240,-0.220
433,47536.363000,-58.249,-5.059,-241.174,27.170,-403.343,-302.763,3.500,-0.240,-1.220
434,47536.381000,-58.249,-7.083,-238.208,23.230,-402.341,-301.710,4.500,1.760,-0.220
435,47536.409000,-57.270,-7.083,-239.197,26.184,-406.239,-300.773,0.500,-6.240,0.780
436,47536.426000,-57.270,-6.071,-239.197,26.226,-403.333,-304.715,-5.500,-19.240,-0.220
437,47536.461000,-59.228,-6.071,-241.174,24.209,-404.286,-300.740,-7.500,-20.240,-1.220
438,47536.480000,-61.185,-6.071,-240.185,22.269,-404.267,-301.690,-7.500,-4.240,-3.220
439,47536.503000,-58.249,-6.071,-241.174,23.221,-401.374,-301.711,-8.500,11.760,-5.220
440,47536.512000,-56.291,-5.059,-242.162,22.303,-402.330,-304.647,-5.500,8.760,-3.220
441,47536.534000,-59.228,-6.071,-240.185,21.256,-402.325,-300.690,-3.500,6.760,2.780
442,47536.556000,-57.270,-7.083,-239.197,24.270,-405.251,-303.694,-4.500,16.760,6.780
443,47536.579000,-56.291,-9.107,-241.174,25.213,-405.261,-301.741,-10.500,11.760,6.780
444,47536.597000,-56.291,-7.083,-241.174,19.325,-403.273,-301.640,-11.500,4.760,-0.220
445,47536.615000,-60.207,-6.071,-242.162,20.337,-401.344,-304.613,-5.500,7.760,-1.220
446,47536.644000,-57.270,-6.071,-244.139,28.157,-402.384,-303.766,-4.500,17.760,-1.220
447,47536.659000,-56.291,-6.071,-241.174,25.196,-403.327,-301.743,-4.500,-6.240,-0.220
448,47536.676000,-60.207,-6.071,-244.139,27.134,-399.474,-302.767,-3.500,-5.240,1.780
449,47536.704000,-60.207,-3.036,-245.127,21.325,-402.321,-304.629,4.500,17.760,7.780
450,47536.722000,-56.291,-5.059,-242.162,22.225,-401.366,-300.709,5.500,9.760,3.780
451,47536.738000,-57.270,-6.071,-242.162,20.321,-403.281,-302.642,5.500,-18.240,2.780
452,47536.756000,-59.228,-5.059,-240.185,22.304,-404.265,-303.660,0.500,-26.240,2.780
453,47536.774000,-61.185,-6.071,-241.174,26.226,-401.397,-305.702,3.500,-3.240,3.780
454,47536.802000,-57.270,-5.059,-240.185,24.200,-403.319,-300.741,3.500,-0.240,-0.220
455,47536.808000,-60.207,-7.083,-241.174,24.243,-404.284,-302.710,1.500,-4.240,-1.220
456,47536.834000,-59.228,-6.071,-240.185,21.238,-402.326,-299.706,0.500,2.760,-6.220
457,47536.855000,-56.291,-7.083,-240.185,31.119,-405.313,-303.815,-1.500,-0.240,-5.220
458,47536.873000,-56.291,-6.071,-240.185,31.048,-399.509,-302.836,-6.500,-8.240,-5.220
459,47536.899000,-57.270,-6.071,-241.174,26.235,-406.236,-303.727,-10.500,-11.240,-4.220
460,47536.934000,-58.249,-5.059,-241.174,22.286,-402.331,-303.662,-9.500,-2.240,-5.220
461,47536.943000,-56.291,-6.071,-239.197,33.050,-404.364,-302.866,-5.500,-5.240,-3.220
462,47536.973000,-55.312,-4.047,-240.185,25.240,-406.228,-302.725,-7.500,-22.240,-5.220
463,47536.989000,-58.249,-6.071,-240.185,20.347,-404.248,-303.625,-7.500,-22.240,-0.220
464,47537.3000,-59.228,-3.036,-240.185,21.246,-399.421,-301.678,-6.500,-2.240,2.780
465,47537.25000,-58.249,-6.071,-241.174,27.197,-406.246,-302.760,-7.500,10.760,4.780
466,47537.48000,-56.291,-5.059,-242.162,25.248,-403.324,-304.698,-8.500,-0.240,-0.220
467,47537.65000,-58.249,-6.071,-241.174,20.329,-402.313,-303.627,-9.500,-5.240,-2.220
468,47537.88000,-57.270,-6.071,-238.208,21.324,-400.385,-305.616,-11.500,-2.240,-3.220
469,47537.113000,-58.249,-5.059,-242.162,28.105,-402.387,-300.812,-10.500,-7.240,-1.220
470,47537.132000,-57.270,-5.059,-242.162,24.234,-401.381,-303.698,-9.500,-8.240,-1.220
471,47537.153000,-57.270,-3.036,-241.174,26.183,-404.303,-301.760,-7.500,-4.240,-0.220
472,47537.172000,-59.228,-4.047,-241.174,25.231,-405.260,-302.726,-7.500,-1.240,-0.220
473,47537.197000,-57.270,-5.059,-243.151,24.243,-404.284,-302.710,-7.500,-5.240,0.780
474,47537.226000,-56.291,-5.059,-243.151,20.355,-403.279,-304.611,-7.500,-7.240,1.780
475,47537.240000,-58.249,-3.036,-241.174,18.320,-402.298,-300.638,-1.500,6.760,1.780
476,47537.273000,-58.249,-4.047,-241.174,23.308,-403.305,-305.648,-2.500,23.760,4.780
477,47537.275000,-55.312,-7.083,-241.174,26.200,-402.366,-303.731,-7.500,21.760,1.780
478,47537.299000,-55.312,-5.059,-240.185,22.243,-403.301,-300.707,-10.500,11.760,4.780
479,47537.315000,-57.270,-4.047,-241.174,25.230,-401.389,-304.700,-7.500,3.760,0.780
480,47537.339000,-57.270,-5.059,-242.162,21.290,-402.323,-302.660,-0.500,7.760,1.780
481,47537.355000,-57.270,-4.047,-241.174,22.295,-403.298,-303.661,0.500,13.760,4.780
482,47537.377000,-56.291,-4.047,-241.174,23.308,-405.241,-304.661,0.500,23.760,10.780
483,47537.394000,-56.291,-4.047,-240.185,22.373,-406.197,-306.612,-1.500,23.760,11.780
484,47537.421000,-55.312,-3.036,-239.197,27.187,-403.342,-303.747,-3.500,10.760,6.780
485,47537.439000,-57.270,-2.024,-238.208,23.255,-401.372,-303.680,-6.500,-7.240,0.780
486,47537.469000,-59.228,-6.071,-240.185,19.324,-399.402,-303.613,-11.500,-21.240,3.780
487,47537.479000,-59.228,-4.047,-241.174,16.441,-401.308,-305.529,-15.500,-4.240,8.780
488,47537.502000,-58.249,-4.047,-240.185,20.328,-400.377,-304.614,-10.500,14.760,6.780
489,47537.520000,-56.291,-5.059,-241.174,20.364,-404.247,-304.610,-9.500,7.760,2.780
490,47537.543000,-56.291,-5.059,-243.151,19.359,-401.336,-304.596,-12.500,-1.240,1.780
491,47537.566000,-57.270,-4.047,-241.174,21.351,-403.287,-305.613,-10.500,-7.240,1.780
492,47537.586000,-58.249,-3.036,-243.151,21.255,-398.453,-302.664,-11.500,-1.240,5.780
493,47537.600000,-56.291,-3.036,-243.151,18.415,-401.325,-306.548,-9.500,1.760,2.780
494,47537.630000,-57.270,-3.036,-243.151,19.402,-402.301,-306.564,-8.500,-5.240,3.780
495,47537.657000,-57.270,-3.036,-244.139,24.285,-399.442,-307.639,-8.500,-1.240,2.780
496,47537.657000,-58.249,-3.036,-245.127,23.282,-402.339,-304.664,-6.500,-1.240,3.780
497,47537.679000,-57.270,-2.024,-243.151,25.256,-404.291,-304.697,-1.500,9.760,1.780
498,47537.702000,-55.312,-3.036,-242.162,18.407,-402.293,-305.562,3.500,11.760,3.780
499,47537.724000,-55.312,-3.036,-242.162,18.424,-402.292,-306.547,2.500,9.760,3.780
500,47537.746000,-54.333,-4.047,-242.162,20.415,-400.372,-309.538,-0.500,-0.240,5.780
501,47537.764000,-56.291,-3.036,-242.162,19.385,-402.302,-305.580,-5.500,-10.240,5.780
502,47537.784000,-56.291,-3.036,-243.151,20.380,-400.374,-307.568,-4.500,11.760,4.780
503,47537.798000,-55.312,-4.047,-241.174,20.363,-400.375,-306.584,-3.500,34.760,7.780
504,47537.825000,-54.333,-5.059,-240.185,17.445,-400.347,-307.516,-3.500,31.760,10.780
505,47537.845000,-54.333,-5.059,-241.174,17.428,-402.284,-305.545,-4.500,10.760,12.780
506,47537.865000,-55.312,-5.059,-242.162,20.363,-400.375,-306.584,-4.500,-3.240,9.780
507,47537.888000,-57.270,-4.047,-243.151,25.220,-398.486,-305.687,-5.500,-2.240,7.780
508,47537.904000,-56.291,-4.047,-243.151,19.324,-401.337,-302.626,-6.500,-2.240,5.780
509,47537.934000,-58.249,-3.036,-244.139,15.479,-399.362,-307.483,-10.500,-0.240,2.780
510,47537.953000,-57.270,-3.036,-243.151,19.368,-402.303,-304.595,-5.500,5.760,-2.220
511,47537.988000,-55.312,-3.036,-246.116,26.286,-400.426,-309.642,0.500,6.760,-4.220
512,47538.2000,-54.333,-2.024,-244.139,19.392,-395.526,-309.525,1.500,-15.240,-3.220
513,47538.16000,-55.312,-2.024,-244.139,24.338,-401.375,-309.606,-2.500,-22.240,-1.220
514,47538.33000,-57.270,-3.036,-242.162,18.362,-397.456,-305.567,3.500,-10.240,-2.220
515,47538.92000,-55.312,-3.036,-242.162,18.397,-399.390,-306.550,6.500,-14.240,-5.220
516,47538.94000,-53.354,-3.036,-241.174,16.432,-400.340,-305.530,4.500,-43.240,-6.220
517,47538.97000,-57.270,-5.059,-240.185,18.415,-401.325,-306.548,1.500,-45.240,-3.220
518,47538.128000,-58.249,-3.036,-243.151,19.367,-400.367,-305.582,3.500,-18.240,5.780
519,47538.143000,-55.312,-2.024,-240.185,17.436,-401.316,-306.531,1.500,-5.240,5.780
520,47538.160000,-56.291,-4.047,-238.208,17.428,-402.284,-305.545,0.500,-6.240,-1.220
521,47538.183000,-55.312,-4.047,-239.197,22.391,-406.196,-307.597,-2.500,-9.240,-3.220
522,47538.196000,-54.333,-6.071,-239.197,18.327,-397.458,-303.598,-8.500,-8.240,1.780
523,47538.218000,-58.249,-4.047,-241.174,19.429,-405.203,-306.561,-5.500,3.760,3.780
524,47538.240000,-57.270,-3.036,-239.197,16.484,-400.338,-308.484,-3.500,8.760,2.780
525,47538.254000,-55.312,-3.036,-240.185,24.251,-399.444,-305.669,-4.500,4.760,4.780
526,47538.273000,-54.333,-6.071,-242.162,20.381,-402.310,-306.582,-6.500,1.760,3.780
527,47538.303000,-55.312,-3.036,-240.185,16.484,-400.338,-308.484,-13.500,-7.240,4.780
528,47538.317000,-57.270,-3.036,-239.197,17.445,-402.283,-306.530,-15.500,3.760,2.780
529,47538.343000,-55.312,-2.024,-237.220,19.349,-398.432,-305.583,-18.500,4.760,4.780
530,47538.369000,-55.312,-4.047,-240.185,21.358,-398.447,-308.572,-20.500,0.760,4.780
531,47538.384000,-53.354,-2.024,-239.197,16.467,-402.274,-306.512,-24.500,-13.240,4.780
532,47538.417000,-57.270,-2.024,-242.162,19.429,-403.267,-307.548,-23.500,-15.240,3.780
533,47538.445000,-57.270,-2.024,-243.151,21.333,-399.417,-306.602,-17.500,-13.240,-1.220
534,47538.448000,-56.291,-1.012,-244.139,15.479,-399.362,-307.483,-13.500,-14.240,-3.220
535,47538.474000,-58.249,-1.012,-244.139,17.454,-401.315,-307.515,-12.500,-9.240,-2.220
536,47538.489000,-56.291,-2.024,-245.127,22.364,-403.294,-307.600,-11.500,-2.240,3.780
537,47538.517000,-56.291,-3.036,-247.104,16.510,-401.304,-309.468,-7.500,-10.240,-0.220
538,47538.531000,-58.249,-1.012,-244.139,19.403,-404.237,-305.578,-1.500,-11.240,-2.220
539,47538.549000,-58.249,-1.012,-246.116,19.377,-403.270,-304.594,5.500,-6.240,-3.220
540,47538.567000,-56.291,-1.012,-243.151,19.446,-403.266,-308.533,6.500,-10.240,-1.220
541,47538.579000,-55.312,-1.012,-244.139,15.461,-397.427,-307.485,7.500,-23.240,-0.220
542,47538.608000,-57.270,-2.024,-240.185,10.544,-400.288,-304.441,7.500,-32.240,-2.220
543,47538.630000,-58.249,-1.012,-243.151,18.372,-402.295,-303.593,6.500,-24.240,-4.220
544,47538.648000,-54.333,-2.024,-240.185,19.350,-400.368,-304.597,9.500,2.760,-2.220
545,47538.674000,-57.270,-2.024,-240.185,21.378,-408.125,-304.624,9.500,-10.240,-2.220
546,47538.692000,-57.270,-2.024,-240.185,14.398,-403.231,-299.584,6.500,-15.240,0.780
547,47538.723000,-57.270,-4.047,-240.185,19.402,-402.301,-306.564,2.500,-12.240,2.780
548,47538.739000,-58.249,-3.036,-237.220,14.449,-401.292,-303.525,2.500,-4.240,0.780
549,47538.755000,-58.249,-4.047,-239.197,17.385,-401.319,-303.576,-4.500,2.760,-2.220
550,47538.774000,-55.312,-3.036,-238.208,20.337,-401.344,-304.613,-7.500,5.760,-8.220
551,47538.793000,-55.312,-3.036,-238.208,20.364,-404.247,-304.610,-14.500,-13.240,-8.220
552,47538.815000,-57.270,-2.024,-240.185,24.269,-403.315,-304.680,-16.500,-19.240,-6.220
553,47538.839000,-56.291,-2.024,-240.185,16.432,-400.340,-305.530,-20.500,-16.240,-6.220
554,47538.859000,-57.270,-1.012,-241.174,14.458,-402.259,-303.524,-23.500,-16.240,-6.220
555,47538.881000,-57.270,-2.024,-244.139,19.403,-406.173,-304.591,-23.500,-13.240,-0.220
556,47538.897000,-55.312,-2.024,-243.151,17.445,-400.347,-307.516,-20.500,-17.240,0.780
557,47538.930000,-57.270,-2.024,-241.174,16.433,-404.212,-303.556,-18.500,-26.240,1.780
558,47538.945000,-59.228,-2.024,-244.139,16.458,-403.243,-305.527,-18.500,-31.240,-0.220
559,47538.965000,-59.228,-1.012,-245.127,12.483,-400.307,-303.491,-12.500,-15.240,-1.220
560,47538.985000,-59.228,-1.012,-243.151,25.256,-404.291,-304.697,-9.500,2.760,-1.220
561,47539.5000,-57.270,-1.012,-243.151,14.484,-401.290,-305.494,-8.500,4.760,-0.220
562,47539.22000,-55.312,-1.012,-243.151,16.432,-402.276,-304.543,-7.500,-11.240,-0.220
563,47539.48000,-58.249,-1.012,-242.162,19.385,-402.302,-305.580,-10.500,-16.240,-1.220
564,47539.69000,-59.228,-1.012,-243.151,13.462,-402.252,-302.521,-13.500,-1.240,0.780
565,47539.87000,-57.270,-2.024,-242.162,13.540,-403.215,-306.460,-12.500,11.760,-1.220
566,47539.120000,-56.291,0.000,-240.185,13.497,-402.250,-304.491,-11.500,-4.240,-5.220
567,47539.159000,-57.270,-1.012,-242.162,19.367,-400.367,-305.582,-12.500,-28.240,-4.220
568,47539.162000,-59.228,-1.012,-244.139,17.445,-402.283,-306.530,-8.500,-10.240,-1.220
569,47539.165000,-59.228,-1.012,-243.151,19.412,-407.140,-304.590,-5.500,0.760,-4.220
570,47539.185000,-57.270,-2.024,-244.139,18.398,-401.326,-305.563,-4.500,-3.240,-6.220
571,47539.208000,-58.249,-1.012,-243.151,14.458,-402.259,-303.524,0.500,-11.240,-7.220
572,47539.230000,-58.249,-2.024,-245.127,12.519,-404.176,-303.487,0.500,-4.240,-6.220
573,47539.256000,-57.270,-1.012,-243.151,18.424,-404.228,-305.560,3.500,-4.240,-6.220
574,47539.265000,-58.249,0.000,-242.162,18.354,-400.360,-303.595,6.500,-5.240,-5.220
575,47539.288000,-57.270,-1.012,-243.151,15.488,-402.265,-306.495,4.500,-1.240,-3.220
576,47539.332000,-57.270,-1.012,-244.139,12.413,-398.375,-300.539,3.500,-3.240,-3.220
577,47539.335000,-59.228,0.000,-241.174,19.342,-403.272,-302.624,10.500,1.760,-5.220
578,47539.361000,-58.249,-2.024,-242.162,15.393,-401.303,-301.572,15.500,1.760,-3.220
579,47539.400000,-56.291,-2.024,-245.127,10.596,-402.221,-306.409,16.500,-1.240,-1.220
580,47539.407000,-58.249,-2.024,-243.151,21.334,-403.288,-304.628,18.500,-3.240,2.780
581,47539.412000,-57.270,-1.012,-242.162,19.377,-405.206,-303.607,19.500,0.760,2.780
582,47539.447000,-57.270,-3.036,-238.208,15.489,-404.201,-305.508,20.500,-16.240,-1.220
583,47539.462000,-59.228,-3.036,-240.185,16.415,-402.277,-303.558,12.500,-14.240,-6.220
584,47539.475000,-58.249,-3.036,-238.208,22.339,-406.199,-304.643,6.500,-7.240,-7.220
585,47539.495000,-58.249,-2.024,-237.220,16.442,-405.179,-303.555,0.500,-14.240,-10.220
586,47539.518000,-58.249,-3.036,-239.197,19.385,-402.302,-305.580,-3.500,-16.240,-11.220
587,47539.535000,-56.291,-2.024,-239.197,20.303,-403.282,-301.657,-7.500,-15.240,-10.220
588,47539.557000,-58.249,-1.012,-240.185,22.338,-404.263,-305.630,-8.500,-10.240,-8.220
589,47539.580000,-57.270,-2.024,-238.208,17.385,-401.319,-303.576,-9.500,-2.240,-6.220
590,47539.593000,-55.312,-3.036,-240.185,16.398,-402.278,-302.573,-15.500,-1.240,-4.220
591,47539.620000,-58.249,-2.024,-241.174,12.484,-404.178,-301.517,-16.500,-6.240,-2.220
592,47539.665000,-57.270,-2.024,-240.185,20.390,-403.277,-306.581,-14.500,-14.240,-3.220
593,47539.679000,-60.207,-2.024,-241.174,19.351,-404.240,-302.623,-11.500,-6.240,-2.220
594,47539.702000,-56.291,-2.024,-244.139,16.450,-404.211,-304.541,-9.500,-4.240,-2.220
595,47539.710000,-58.249,-1.012,-243.151,19.394,-405.205,-304.592,-10.500,-2.240,-4.220
596,47539.728000,-59.228,-1.012,-242.162,17.437,-403.252,-305.544,-10.500,2.760,-4.220
597,47539.745000,-58.249,-2.024,-242.162,16.459,-405.178,-304.540,-8.500,1.760,-3.220
598,47539.769000,-56.291,-2.024,-242.162,20.303,-401.346,-302.644,-5.500,-1.240,-1.220
599,47539.789000,-56.291,-2.024,-241.174,21.369,-405.222,-305.611,-2.500,-4.240,2.780
600,47539.811000,-59.228,-1.012,-241.174,20.338,-403.280,-303.626,-4.500,-2.240,4.780
601,47539.834000,-58.249,-1.012,-243.151,21.317,-405.225,-302.657,1.500,2.760,0.780
602,47539.856000,-60.207,-1.012,-242.162,15.376,-401.304,-300.588,5.500,6.760,-0.220
603,47539.871000,-59.228,-1.012,-242.162,16.476,-403.242,-306.511,6.500,10.760,0.780
604,47539.894000,-57.270,-1.012,-242.162,12.509,-401.273,-304.475,6.500,17.760,1.780
605,47539.918000,-58.249,-1.012,-241.174,17.429,-404.220,-304.558,8.500,11.760,2.780
606,47539.932000,-59.228,-2.024,-240.185,21.290,-402.323,-302.660,10.500,8.760,2.780
607,47539.948000,-57.270,-1.012,-241.174,20.355,-403.279,-304.611,5.500,16.760,0.780
608,47539.974000,-57.270,-1.012,-241.174,15.471,-400.331,-306.497,3.500,10.760,-0.220
609,47539.996000,-57.270,-1.012,-244.139,15.410,-399.366,-303.544,0.500,-3.240,-4.220
610,47540.19000,-57.270,-2.024,-241.174,21.307,-402.322,-303.645,4.500,-2.240,-4.220
611,47540.53000,-58.249,-3.036,-242.162,21.325,-402.321,-304.629,2.500,3.760,-1.220
612,47540.72000,-56.291,-3.036,-245.127,13.496,-400.314,-305.478,3.500,-0.240,2.780
613,47540.80000,-58.249,-1.012,-241.174,24.277,-402.346,-305.666,5.500,-10.240,-0.220
614,47540.108000,-58.249,-1.012,-240.185,17.446,-404.219,-305.543,5.500,-10.240,0.780
615,47540.117000,-57.270,-2.024,-242.162,19.350,-400.368,-304.597,3.500,-11.240,1.780
616,47540.139000,-58.249,-1.012,-240.185,15.445,-403.236,-303.540,-1.500,-26.240,1.780
617,47540.156000,-59.228,-1.012,-242.162,22.269,-402.332,-302.677,-1.500,-26.240,-0.220
618,47540.189000,-59.228,-1.012,-241.174,19.430,-407.139,-305.575,0.500,-10.240,-3.220
619,47540.204000,-58.249,-3.036,-244.139,21.290,-402.323,-302.660,-6.500,0.760,-7.220
620,47540.222000,-57.270,-1.012,-240.185,15.453,-400.332,-305.512,-2.500,5.760,-8.220
621,47540.244000,-58.249,-1.012,-241.174,21.263,-399.420,-302.663,-2.500,-13.240,-8.220
622,47540.267000,-58.249,-1.012,-243.151,17.419,-399.381,-306.533,-3.500,-11.240,-6.220
623,47540.284000,-58.249,-1.012,-242.162,17.376,-400.351,-303.577,-3.500,-8.240,-5.220
624,47540.302000,-61.185,-2.024,-241.174,20.363,-400.375,-306.584,-1.500,-3.240,-4.220
625,47540.328000,-60.207,-3.036,-243.151,21.307,-402.322,-303.645,1.500,9.760,-5.220
626,47540.367000,-56.291,-2.024,-243.151,27.256,-403.339,-307.687,3.500,7.760,-4.220
627,47540.381000,-56.291,-3.036,-243.151,24.304,-403.313,-306.650,0.500,-15.240,-4.220
628,47540.389000,-59.228,-2.024,-240.185,20.347,-404.248,-303.625,0.500,-30.240,-8.220
629,47540.402000,-63.143,-3.036,-241.174,23.248,-404.276,-301.708,3.500,-2.240,-8.220
630,47540.434000,-55.312,-1.012,-242.162,20.303,-403.282,-301.657,4.500,24.760,-6.220
631,47540.452000,-55.312,-1.012,-242.162,14.510,-402.257,-306.478,0.500,11.760,-7.220
632,47540.469000,-56.291,0.000,-242.162,24.226,-402.349,-302.712,1.500,5.760,-7.220
633,47540.491000,-54.333,-1.012,-243.151,21.342,-402.320,-305.614,3.500,5.760,-5.220
634,47540.509000,-53.354,-2.024,-244.139,18.336,-398.425,-303.597,8.500,-1.240,2.780
635,47540.529000,-56.291,-2.024,-243.151,18.424,-404.228,-305.560,12.500,-17.240,10.780
636,47540.550000,-59.228,-2.024,-242.162,24.287,-405.250,-304.678,19.500,-7.240,18.780
637,47540.577000,-57.270,-2.024,-240.185,18.398,-403.261,-304.577,20.500,9.760,20.780
638,47540.597000,-56.291,-4.047,-240.185,15.445,-401.300,-304.527,13.500,-1.240,14.780
639,47540.612000,-57.270,-2.024,-241.174,25.257,-406.227,-303.710,7.500,-13.240,8.780
640,47540.634000,-58.249,-4.047,-241.174,20.390,-405.213,-305.594,3.500,-8.240,2.780
641,47540.659000,-60.207,-2.024,-242.162,18.372,-404.231,-302.606,4.500,-0.240,1.780
642,47540.680000,-58.249,-3.036,-244.139,17.420,-403.253,-304.559,2.500,-3.240,-0.220
643,47540.700000,-58.249,-2.024,-243.151,21.308,-404.258,-302.658,4.500,-9.240,-0.220
644,47540.722000,-59.228,-3.036,-242.162,21.386,-407.157,-305.609,6.500,-4.240,-2.220
645,47540.747000,-57.270,-2.024,-241.174,16.389,-401.311,-302.574,4.500,-9.240,-1.220
646,47540.765000,-57.270,-2.024,-242.162,18.346,-401.329,-302.609,3.500,-19.240,-1.220
647,47540.783000,-59.228,-2.024,-241.174,25.222,-404.293,-302.727,6.500,-13.240,-0.220
648,47540.800000,-60.207,-3.036,-241.174,20.355,-403.279,-304.611,6.500,0.760,-4.220
649,47540.820000,-58.249,-2.024,-242.162,18.364,-403.263,-302.607,2.500,-1.240,-8.220
650,47540.847000,-56.291,-2.024,-243.151,17.420,-403.253,-304.559,1.500,-5.240,-9.220
651,47540.875000,-59.228,-3.036,-242.162,19.315,-400.370,-302.627,4.500,-10.240,-9.220
652,47540.879000,-58.249,-2.024,-241.174,18.398,-403.261,-304.577,7.500,0.760,-8.220
653,47540.900000,-54.333,-3.036,-238.208,21.307,-402.322,-303.645,5.500,-11.240,-7.220
654,47540.923000,-59.228,-2.024,-241.174,22.313,-407.169,-302.672,-4.500,-19.240,-4.220
655,47540.945000,-59.228,-1.012,-243.151,24.278,-404.282,-304.679,-4.500,-3.240,-6.220
656,47540.968000,-56.291,-1.012,-240.185,16.398,-404.214,-301.587,-0.500,0.760,-6.220
657,47540.999000,-59.228,-2.024,-243.151,18.433,-403.259,-306.546,3.500,13.760,-4.220
658,47541.3000,-56.291,-2.024,-244.139,21.307,-402.322,-303.645,5.500,2.760,1.780
659,47541.29000,-56.291,-2.024,-241.174,22.356,-404.263,-306.614,4.500,-6.240,4.780
660,47541.47000,-57.270,-4.047,-241.174,22.217,-402.335,-299.723,0.500,-9.240,8.780
661,47541.74000,-58.249,-4.047,-243.151,19.377,-403.270,-304.594,3.500,-7.240,2.780
662,47541.95000,-57.270,-5.059,-242.162,19.377,-403.270,-304.594,8.500,3.760,-3.220
663,47541.117000,-56.291,-4.047,-241.174,21.325,-402.321,-304.629,6.500,-0.240,-3.220
664,47541.133000,-59.228,-3.036,-240.185,21.316,-401.353,-304.630,-1.500,-27.240,-7.220
665,47541.150000,-60.207,-3.036,-238.208,23.264,-400.404,-304.666,-0.500,-13.240,-8.220
666,47541.168000,-58.249,-5.059,-240.185,22.294,-401.362,-304.648,-2.500,3.760,-6.220
667,47541.191000,-55.312,-4.047,-242.162,20.338,-403.280,-303.626,-1.500,3.760,-9.220
668,47541.208000,-57.270,-3.036,-241.174,24.252,-405.252,-302.709,-2.500,-9.240,-9.220
669,47541.239000,-59.228,-4.047,-241.174,18.337,-402.297,-301.623,-3.500,-19.240,-9.220
670,47541.255000,-59.228,-4.047,-242.162,20.338,-403.280,-303.626,-1.500,-7.240,-9.220
671,47541.277000,-55.312,-4.047,-242.162,16.407,-405.181,-301.586,-1.500,2.760,-7.220
672,47541.292000,-57.270,-4.047,-242.162,21.264,-403.292,-300.689,-5.500,-17.240,-7.220
673,47541.315000,-59.228,-3.036,-242.162,29.198,-409.165,-303.776,-6.500,-28.240,-6.220
674,47541.341000,-59.228,-3.036,-242.162,23.273,-401.371,-304.665,-6.500,-24.240,-7.220
675,47541.357000,-57.270,-3.036,-242.162,25.188,-406.231,-299.771,-5.500,-17.240,-4.220
676,47541.377000,-60.207,-2.024,-243.151,26.192,-405.270,-301.759,1.500,-16.240,-5.220
677,47541.407000,-59.228,-3.036,-241.174,22.252,-406.204,-299.719,1.500,-7.240,-4.220
678,47541.424000,-57.270,-2.024,-243.151,24.235,-405.253,-301.724,2.500,0.760,0.780
679,47541.453000,-56.291,-4.047,-242.162,18.312,-405.202,-298.666,7.500,-4.240,4.780
680,47541.480000,-59.228,-3.036,-243.151,18.390,-404.230,-303.591,7.500,-12.240,-0.220
681,47541.494000,-58.249,-4.047,-245.127,23.257,-407.179,-300.720,11.500,-7.240,4.780
682,47541.508000,-57.270,-2.024,-240.185,24.234,-403.317,-302.711,17.500,-2.240,5.780
683,47541.523000,-59.228,-4.047,-238.208,22.242,-399.429,-302.680,21.500,-7.240,10.780
684,47541.544000,-58.249,-6.071,-240.185,21.378,-406.189,-305.610,18.500,-9.240,14.780
685,47541.563000,-59.228,-4.047,-239.197,24.305,-409.120,-303.690,12.500,-15.240,14.780
686,47541.583000,-58.249,-4.047,-237.220,16.398,-404.214,-301.587,9.500,-18.240,14.780
687,47541.604000,-59.228,-5.059,-235.243,22.321,-406.200,-303.658,6.500,-22.240,10.780
688,47541.635000,-56.291,-8.095,-236.232,25.170,-404.296,-299.773,1.500,-29.240,10.780
689,47541.639000,-60.207,-4.047,-238.208,23.309,-407.177,-303.674,-14.500,-39.240,8.780
690,47541.675000,-58.249,-3.036,-240.185,20.304,-405.218,-300.670,-13.500,-30.240,11.780
691,47541.685000,-63.143,-6.071,-242.162,18.374,-410.038,-299.646,-14.500,-13.240,0.780
692,47541.711000,-58.249,-4.047,-240.185,20.304,-405.218,-300.670,-14.500,16.760,-4.220
693,47541.727000,-56.291,-2.024,-242.162,21.361,-410.062,-302.652,-10.500,-26.240,-8.220
694,47541.748000,-66.080,-5.059,-245.127,21.283,-407.163,-299.701,-11.500,-19.240,-5.220
695,47541.779000,-59.228,-2.024,-246.116,25.223,-408.165,-300.754,-0.500,2.760,3.780
696,47541.807000,-61.185,-4.047,-244.139,25.223,-408.165,-300.754,7.500,-8.240,8.780
697,47541.815000,-62.164,-3.036,-244.139,22.227,-407.173,-297.749,10.500,0.760,7.780
698,47541.860000,-56.291,-3.036,-239.197,19.361,-409.079,-300.649,8.500,-9.240,-4.220
699,47541.864000,-61.185,-4.047,-240.185,18.286,-404.236,-297.682,5.500,-24.240,-3.220
700,47541.867000,-61.185,-4.047,-243.151,22.278,-407.171,-300.703,7.500,-4.240,-4.220
701,47541.879000,-59.228,-4.047,-243.151,19.300,-406.178,-298.682,13.500,-18.240,-2.220
702,47541.927000,-62.164,-4.047,-240.185,19.317,-406.177,-299.667,10.500,1.760,0.780
703,47541.930000,-61.185,-5.059,-239.197,23.196,-406.215,-297.767,9.500,8.760,-2.220
704,47541.959000,-59.228,-4.047,-237.220,17.403,-407.125,-301.601,9.500,-0.240,-2.220
705,47541.978000,-58.249,-5.059,-239.197,16.347,-406.153,-297.646,5.500,-17.240,-5.220
706,47541.993000,-59.228,-4.047,-241.174,28.124,-408.193,-298.836,2.500,-25.240,-7.220
707,47542.22000,-61.185,-4.047,-239.197,22.253,-408.140,-298.732,1.500,-10.240,-5.220
708,47542.29000,-61.185,-4.047,-238.208,26.201,-408.174,-300.771,-0.500,6.760,-4.220
709,47542.51000,-62.164,-2.024,-238.208,19.265,-406.180,-296.713,-1.500,12.760,-3.220
710,47542.84000,-56.291,-4.047,-239.197,19.334,-406.176,-300.652,-8.500,-14.240,-6.220
711,47542.107000,-60.207,-4.047,-240.185,21.230,-405.230,-297.733,-7.500,-11.240,-5.220
712,47542.121000,-62.164,-4.047,-241.174,20.339,-409.088,-300.666,-3.500,12.760,-1.220
713,47542.139000,-62.164,-4.047,-240.185,20.304,-407.154,-299.683,-4.500,16.760,-1.220
714,47542.156000,-59.228,-3.036,-241.174,24.192,-406.223,-298.769,-3.500,11.760,-2.220
715,47542.184000,-59.228,-3.036,-240.185,25.213,-405.261,-301.741,-6.500,-13.240,-8.220
716,47542.202000,-61.185,-4.047,-240.185,17.360,-408.095,-298.646,-7.500,-11.240,-6.220
717,47542.220000,-59.228,-4.047,-241.174,26.183,-404.303,-301.760,-8.500,-4.240,-7.220
718,47542.237000,-58.249,-3.036,-243.151,25.109,-403.332,-296.820,-9.500,-7.240,-6.220
719,47542.279000,-60.207,-5.059,-241.174,22.243,-405.237,-299.720,-8.500,1.760,-6.220
720,47542.293000,-61.185,-3.036,-240.185,27.180,-408.182,-300.788,0.500,13.760,-4.220
721,47542.307000,-59.228,-3.036,-240.185,22.253,-410.076,-297.746,0.500,-1.240,-3.220
722,47542.344000,-59.228,-3.036,-241.174,25.179,-405.263,-299.772,-2.500,-8.240,-4.220
723,47542.348000,-61.185,-2.024,-241.174,22.287,-406.202,-301.689,-5.500,-11.240,-2.220
724,47542.369000,-62.164,-2.024,-243.151,19.265,-406.180,-296.713,-6.500,-14.240,-5.220
725,47542.387000,-58.249,-2.024,-240.185,23.275,-409.114,-300.718,-5.500,3.760,-8.220
726,47542.414000,-58.249,-2.024,-242.162,25.196,-405.262,-300.757,-1.500,7.760,-6.220
727,47542.432000,-60.207,-3.036,-243.151,-224.372,-401.061,-294.377,-2.500,3.760,-1.220
728,47542.449000,-60.207,-3.036,-242.162,19.291,-407.147,-297.697,-2.500,14.760,6.780
729,47542.472000,-58.249,-2.024,-240.185,20.278,-406.187,-298.700,2.500,10.760,5.780
730,47542.487000,-58.249,-5.059,-240.185,19.307,-403.274,-300.655,5.500,-0.240,5.780
731,47542.513000,-58.249,-5.059,-241.174,21.291,-404.258,-301.673,4.500,-3.240,6.780
732,47542.530000,-60.207,-2.024,-240.185,25.196,-405.262,-300.757,-0.500,-8.240,4.780
733,47542.550000,-59.228,-4.047,-241.174,21.273,-404.259,-300.688,0.500,-9.240,5.780
734,47542.562000,-61.185,-4.047,-241.174,17.385,-403.255,-302.590,-3.500,-15.240,1.780
735,47542.619000,-60.207,-3.036,-241.174,26.140,-405.273,-298.804,-6.500,-8.240,-1.220
736,47542.623000,-61.185,-2.024,-238.208,18.355,-404.232,-301.621,-1.500,-1.240,0.780
737,47542.636000,-60.207,-3.036,-241.174,24.200,-403.319,-300.741,-5.500,9.760,-0.220
738,47542.654000,-58.249,-3.036,-241.174,22.279,-409.106,-299.716,-4.500,0.760,-1.220
739,47542.670000,-61.185,-4.047,-241.174,18.338,-406.169,-299.650,-2.500,-2.240,1.780
740,47542.690000,-60.207,-4.047,-240.185,22.261,-405.236,-300.705,-1.500,4.760,1.780
741,47542.712000,-58.249,-4.047,-242.162,20.313,-406.185,-300.669,-6.500,-2.240,0.780
742,47542.743000,-59.228,-3.036,-240.185,19.291,-405.211,-298.683,-5.500,-12.240,-2.220
743,47542.747000,-61.185,-2.024,-239.197,27.223,-409.148,-302.757,-5.500,-18.240,-2.220
744,47542.772000,-62.164,-4.047,-243.151,26.149,-406.241,-298.803,-7.500,-15.240,-0.220
745,47542.800000,-59.228,-3.036,-242.162,22.286,-402.331,-303.662,-6.500,-2.240,-1.220
746,47542.818000,-60.207,-3.036,-240.185,20.295,-404.251,-300.671,-5.500,2.760,-0.220
747,47542.845000,-57.270,-2.024,-240.185,19.378,-407.142,-302.620,-3.500,3.760,-0.220
748,47542.884000,-59.228,-3.036,-243.151,27.110,-406.251,-297.836,-6.500,-2.240,3.780
749,47542.887000,-59.228,-2.024,-240.185,25.258,-410.098,-301.737,-6.500,-6.240,2.780
750,47542.894000,-61.185,-4.047,-236.232,23.274,-405.243,-302.692,0.500,1.760,4.780
751,47542.919000,-60.207,-4.047,-239.197,22.349,-411.038,-302.668,0.500,0.760,1.780
752,47542.939000,-58.249,-3.036,-240.185,23.187,-405.248,-297.768,-6.500,-2.240,3.780
753,47542.969000,-62.164,-3.036,-238.208,19.368,-404.239,-303.608,-9.500,8.760,0.780
754,47542.989000,-63.143,-3.036,-240.185,17.411,-402.285,-304.560,-9.500,29.760,0.780
755,47543.4000,-57.270,-5.059,-239.197,24.278,-406.218,-303.693,-12.500,23.760,-8.220
756,47543.27000,-58.249,-4.047,-240.185,24.253,-407.187,-301.722,-20.500,-7.240,-8.220
757,47543.47000,-60.207,-3.036,-242.162,19.255,-401.341,-298.687,-21.500,-15.240,-5.220
758,47543.70000,-61.185,-2.024,-244.139,20.304,-405.218,-300.670,-18.500,-6.240,-3.220
759,47543.88000,-59.228,-1.012,-244.139,19.334,-406.176,-300.652,-13.500,0.760,-4.220
760,47543.113000,-60.207,-1.012,-242.162,20.399,-404.245,-306.580,-11.500,6.760,-7.220
761,47543.128000,-58.249,-1.012,-244.139,20.313,-406.185,-300.669,-8.500,5.760,-4.220
762,47543.165000,-58.249,-2.024,-243.151,23.308,-403.305,-305.648,-7.500,-6.240,0.780
763,47543.169000,-59.228,-2.024,-244.139,19.334,-406.176,-300.652,-8.500,-12.240,2.780
764,47543.185000,-61.185,-2.024,-242.162,15.471,-402.266,-305.510,-6.500,-0.240,-0.220
765,47543.203000,-60.207,-2.024,-244.139,20.294,-402.315,-301.658,0.500,16.760,-4.220
766,47543.222000,-60.207,-2.024,-243.151,24.235,-405.253,-301.724,2.500,18.760,-8.220
767,47543.247000,-57.270,-1.012,-240.185,16.415,-404.213,-302.571,2.500,8.760,-8.220
768,47543.272000,-58.249,-3.036,-242.162,16.398,-404.214,-301.587,1.500,-8.240,-3.220
769,47543.299000,-59.228,-3.036,-242.162,19.316,-404.242,-300.654,0.500,-2.240,-0.220
770,47543.318000,-58.249,-2.024,-241.174,22.261,-407.172,-299.718,-2.500,1.760,-5.220
771,47543.348000,-60.207,-2.024,-243.151,19.342,-403.272,-302.624,-1.500,-2.240,-6.220
772,47543.367000,-59.228,-1.012,-243.151,20.286,-405.219,-299.685,0.500,2.760,-7.220
773,47543.385000,-57.270,-2.024,-241.174,16.442,-407.115,-302.569,3.500,-4.240,-7.220
774,47543.405000,-57.270,-1.012,-242.162,23.256,-405.244,-301.707,3.500,-8.240,-3.220
775,47543.423000,-57.270,-2.024,-241.174,26.227,-405.268,-303.728,6.500,-10.240,-1.220
776,47543.448000,-60.207,-3.036,-242.162,17.368,-405.191,-300.618,6.500,0.760,-0.220
777,47543.461000,-59.228,-3.036,-239.197,26.192,-405.270,-301.759,3.500,0.760,-2.220
778,47543.480000,-58.249,-3.036,-242.162,18.381,-405.198,-302.605,1.500,-9.240,-4.220
779,47543.502000,-60.207,-2.024,-243.151,25.266,-407.194,-303.709,3.500,-0.240,-5.220
780,47543.524000,-59.228,-2.024,-241.174,269.836,-405.550,-307.054,4.500,-9.240,-7.220
781,47543.533000,-60.207,-2.024,-241.174,26.191,-403.335,-302.745,6.500,1.760,-6.220
782,47543.552000,-60.207,-3.036,-241.174,24.260,-402.347,-304.681,3.500,9.760,-4.220
783,47543.579000,-58.249,-2.024,-240.185,19.377,-403.270,-304.594,-1.500,-8.240,-5.220
784,47543.597000,-58.249,-4.047,-238.208,19.368,-404.239,-303.608,-3.500,-8.240,-4.220
785,47543.624000,-57.270,-3.036,-240.185,26.191,-401.399,-303.732,-6.500,5.760,-2.220
786,47543.647000,-57.270,-3.036,-239.197,16.442,-405.179,-303.555,-6.500,13.760,-0.220
787,47543.662000,-56.291,-2.024,-237.220,18.373,-408.102,-300.633,-10.500,11.760,-0.220
788,47543.689000,-57.270,-4.047,-240.185,25.205,-406.230,-300.756,-8.500,9.760,5.780
789,47543.704000,-55.312,-5.059,-239.197,24.227,-406.221,-300.738,-9.500,4.760,9.780
790,47543.732000,-58.249,-4.047,-238.208,20.328,-400.377,-304.614,-15.500,-23.240,7.780
791,47543.749000,-62.164,-4.047,-240.185,17.324,-402.290,-299.636,-17.500,-11.240,6.780
792,47543.764000,-59.228,-2.024,-240.185,22.269,-402.332,-302.677,-16.500,14.760,3.780
793,47543.795000,-59.228,-2.024,-242.162,22.286,-404.266,-302.675,-15.500,11.760,2.780
794,47543.803000,-59.228,-1.012,-243.151,17.455,-405.186,-305.542,-17.500,0.760,-0.220
795,47543.829000,-58.249,-2.024,-243.151,16.399,-406.150,-300.600,-14.500,0.760,2.780
796,47543.847000,-58.249,-2.024,-243.151,20.365,-408.118,-302.637,-8.500,-1.240,5.780
797,47543.867000,-57.270,-3.036,-243.151,20.294,-400.379,-302.645,-5.500,-15.240,5.780
798,47543.879000,-59.228,-2.024,-242.162,19.342,-403.272,-302.624,-2.500,-26.240,6.780
799,47543.907000,-60.207,-2.024,-242.162,23.212,-402.342,-300.725,-1.500,-28.240,6.780
800,47543.929000,-61.185,-4.047,-242.162,19.342,-403.272,-302.624,-2.500,-29.240,4.780
801,47543.954000,-60.207,-2.024,-241.174,18.364,-403.263,-302.607,-8.500,-19.240,-2.220
802,47543.970000,-62.164,-3.036,-242.162,16.390,-407.118,-299.614,-9.500,-7.240,-5.220
803,47543.993000,-58.249,-3.036,-240.185,22.253,-408.140,-298.732,-11.500,8.760,-9.220
804,47544.15000,-57.270,-1.012,-245.127,22.269,-404.267,-301.690,-13.500,3.760,-13.220
805,47544.38000,-57.270,-2.024,-243.151,21.326,-406.192,-302.656,-5.500,-5.240,-8.220
806,47544.75000,-58.249,-1.012,-243.151,28.166,-405.287,-302.778,-1.500,-18.240,-1.220
807,47544.75000,-59.228,-3.036,-243.151,25.249,-407.195,-302.724,3.500,-11.240,5.780
808,47544.107000,-59.228,-2.024,-243.151,22.225,-401.366,-300.709,4.500,3.760,6.780
809,47544.128000,-59.228,-2.024,-242.162,17.394,-404.222,-302.589,7.500,9.760,5.780
810,47544.148000,-58.249,-1.012,-240.185,28.079,-401.421,-299.828,7.500,-2.240,-0.220
811,47544.162000,-58.249,-2.024,-241.174,24.226,-404.285,-301.725,4.500,-6.240,-0.220
812,47544.184000,-59.228,-1.012,-243.151,22.314,-409.104,-301.686,3.500,-3.240,4.780
813,47544.200000,-59.228,-1.012,-241.174,16.416,-408.085,-300.598,6.500,10.760,3.780
814,47544.219000,-59.228,-2.024,-242.162,17.385,-401.319,-303.576,8.500,13.760,1.780
815,47544.247000,-56.291,-3.036,-240.185,18.346,-401.329,-302.609,9.500,9.760,4.780
816,47544.254000,-56.291,-2.024,-240.185,24.226,-402.349,-302.712,4.500,-9.240,7.780
817,47544.283000,-59.228,-2.024,-238.208,18.408,-408.100,-302.602,4.500,-7.240,11.780
818,47544.303000,-58.249,-4.047,-240.185,22.304,-406.201,-302.673,4.500,-5.240,9.780
819,47544.327000,-61.185,-2.024,-240.185,23.213,-404.278,-299.738,1.500,2.760,4.780
820,47544.344000,-60.207,-1.012,-240.185,17.446,-404.219,-305.543,3.500,10.760,2.780
821,47544.363000,-59.228,-3.036,-239.197,18.364,-403.263,-302.607,3.500,7.760,0.780
822,47544.395000,-58.249,-3.036,-242.162,19.386,-406.174,-303.606,-1.500,4.760,1.780
823,47544.428000,-58.249,-2.024,-241.174,17.342,-402.289,-300.621,-3.500,-11.240,3.780
824,47544.442000,-60.207,-2.024,-239.197,17.429,-406.156,-303.572,-1.500,-3.240,2.780
825,47544.450000,-59.228,-4.047,-238.208,23.222,-405.246,-299.737,-4.500,2.760,0.780
826,47544.470000,-56.291,-3.036,-241.174,22.304,-404.265,-303.660,-14.500,-26.240,-3.220
827,47544.490000,-60.207,-2.024,-241.174,17.333,-403.257,-299.635,-18.500,-35.240,-8.220
828,47544.508000,-60.207,-1.012,-242.162,21.273,-402.324,-301.675,-14.500,-19.240,-12.220
829,47544.530000,-58.249,-1.012,-240.185,19.316,-402.306,-301.641,-13.500,-17.240,-14.220
830,47544.540000,-58.249,-2.024,-241.174,22.243,-405.237,-299.720,-19.500,-23.240,-8.220
831,47544.578000,-59.228,-1.012,-243.151,14.398,-405.167,-298.597,-19.500,-21.240,-2.220
832,47544.593000,-60.207,-1.012,-240.185,17.377,-404.223,-301.604,-12.500,-9.240,-1.220
833,47544.616000,-60.207,-2.024,-244.139,16.356,-407.120,-297.645,-5.500,-0.240,-0.220
834,47544.638000,-57.270,-2.024,-243.151,15.402,-402.270,-301.571,-4.500,-9.240,3.780
835,47544.652000,-57.270,-1.012,-243.151,15.411,-405.173,-300.584,-2.500,-8.240,5.780
836,47544.677000,-59.228,-1.012,-243.151,24.244,-408.156,-300.736,4.500,0.760,5.780
837,47544.695000,-59.228,-1.012,-243.151,23.283,-406.210,-302.691,7.500,1.760,3.780
838,47544.735000,-60.207,-1.012,-242.162,14.380,-401.296,-299.585,6.500,1.760,4.780
839,47544.740000,-60.207,0.000,-243.151,17.360,-406.160,-299.633,1.500,1.760,6.780
840,47544.760000,-59.228,-1.012,-242.162,24.183,-403.320,-299.757,4.500,-5.240,3.780
841,47544.779000,-58.249,-2.024,-241.174,19.343,-409.080,-299.664,9.500,-11.240,2.780
842,47544.800000,-60.207,-1.012,-241.174,17.446,-406.155,-304.556,10.500,-2.240,8.780
843,47544.822000,-57.270,-1.012,-239.197,30.133,-408.208,-301.825,3.500,-1.240,14.780
844,47544.840000,-58.249,-2.024,-239.197,20.373,-407.150,-303.622,-8.500,-26.240,8.780
845,47544.868000,-63.143,-2.024,-239.197,20.330,-408.120,-300.667,-13.500,-36.240,-1.220
846,47544.885000,-61.185,-2.024,-239.197,16.415,-404.213,-302.571,-15.500,-19.240,-3.220
847,47544.912000,-60.207,-1.012,-240.185,18.329,-403.265,-300.638,-13.500,-6.240,-2.220
848,47544.923000,-60.207,-2.024,-239.197,18.390,-406.166,-302.604,-11.500,-1.240,1.780
849,47544.948000,-60.207,-2.024,-242.162,23.213,-406.214,-298.752,-13.500,-16.240,3.780
850,47544.975000,-63.143,-2.024,-243.151,17.403,-407.125,-301.601,-16.500,-20.240,3.780
851,47544.979000,-62.164,0.000,-242.162,17.421,-407.124,-302.586,-10.500,1.760,-2.220
852,47545.0,-60.207,-1.012,-245.127,14.476,-404.194,-303.522,-6.500,8.760,-4.220
853,47545.29000,-61.185,-1.012,-245.127,17.394,-404.222,-302.589,-3.500,-1.240,-5.220
854,47545.57000,-60.207,-1.012,-246.116,17.386,-405.190,-301.603,2.500,5.760,-0.220
855,47545.90000,-59.228,0.000,-245.127,20.313,-406.185,-300.669,9.500,9.760,0.780
856,47545.98000,-58.249,-2.024,-245.127,15.394,-405.174,-299.599,9.500,-4.240,-0.220
857,47545.118000,-61.185,-1.012,-245.127,15.437,-406.140,-301.567,10.500,-25.240,-4.220
858,47545.132000,-60.207,-1.012,-243.151,18.304,-406.170,-297.680,16.500,-20.240,-2.220
859,47545.154000,-60.207,-1.012,-243.151,17.394,-406.158,-301.602,24.500,-15.240,-1.220
860,47545.164000,-60.207,-2.024,-241.174,17.359,-404.224,-300.619,24.500,-26.240,-0.220
861,47545.187000,-62.164,-2.024,-240.185,18.347,-407.136,-299.649,18.500,-27.240,-1.220
862,47545.199000,-62.164,-2.024,-240.185,22.243,-405.237,-299.720,18.500,-5.240,-5.220
863,47545.227000,-60.207,-1.012,-241.174,22.244,-409.108,-297.747,19.500,-2.240,-10.220
864,47545.252000,-60.207,-2.024,-239.197,16.354,-401.313,-300.605,18.500,-7.240,-16.220
865,47545.269000,-60.207,-2.024,-239.197,25.231,-405.260,-302.726,17.500,-14.240,-13.220
866,47545.295000,-60.207,-1.012,-240.185,23.257,-407.179,-300.720,11.500,-13.240,-4.220
867,47545.313000,-61.185,-2.024,-237.220,24.235,-407.188,-300.737,9.500,-13.240,-4.220
868,47545.334000,-61.185,-2.024,-237.220,18.312,-405.202,-298.666,8.500,-2.240,-7.220
869,47545.354000,-60.207,-2.024,-239.197,17.421,-409.060,-301.599,5.500,0.760,-10.220
870,47545.374000,-58.249,-2.024,-240.185,18.339,-408.104,-298.663,-0.500,-7.240,-12.220
871,47545.387000,-59.228,-2.024,-238.208,23.213,-406.214,-298.752,-0.500,-13.240,-11.220
872,47545.429000,-60.207,-2.024,-239.197,19.351,-406.175,-301.637,-2.500,-11.240,-9.220
873,47545.460000,-59.228,-2.024,-242.162,21.292,-410.066,-298.713,-3.500,-6.240,-6.220
874,47545.462000,-59.228,-1.012,-240.185,25.153,-406.233,-297.801,-0.500,-4.240,-6.220
875,47545.483000,-60.207,-1.012,-242.162,20.278,-406.187,-298.700,1.500,-8.240,-4.220
876,47545.500000,-60.207,-2.024,-242.162,16.390,-407.118,-299.614,2.500,2.760,0.780
877,47545.523000,-58.249,-3.036,-240.185,23.222,-405.246,-299.737,1.500,-1.240,2.780
878,47545.540000,-60.207,-2.024,-241.174,20.374,-409.086,-302.636,-1.500,-19.240,3.780
879,47545.562000,-61.185,-2.024,-242.162,16.390,-407.118,-299.614,1.500,-7.240,1.780
880,47545.582000,-62.164,-2.024,-241.174,21.318,-409.096,-300.684,1.500,20.760,0.780
881,47545.602000,-60.207,-2.024,-242.162,23.274,-407.178,-301.705,2.500,8.760,-3.220
882,47545.618000,-61.185,-2.024,-242.162,29.111,-407.234,-299.839,2.500,-5.240,-9.220
883,47545.647000,-63.143,-1.012,-243.151,17.334,-405.193,-298.649,4.500,-4.240,-6.220
884,47545.668000,-60.207,-3.036,-243.151,23.221,-403.310,-300.724,8.500,7.760,-3.220
885,47545.694000,-61.185,-3.036,-241.174,27.188,-407.214,-301.774,10.500,-7.240,-8.220
886,47545.723000,-62.164,-2.024,-242.162,20.365,-408.118,-302.637,10.500,-2.240,-8.220
887,47545.734000,-61.185,-3.036,-241.174,18.304,-408.106,-296.694,11.500,5.760,-11.220
888,47545.755000,-61.185,-2.024,-242.162,23.231,-408.149,-298.750,15.500,3.760,-12.220
889,47545.770000,-60.207,-2.024,-241.174,21.274,-406.195,-299.702,19.500,5.760,-12.220
890,47545.793000,-61.185,-3.036,-242.162,21.282,-403.291,-301.674,18.500,12.760,-9.220
891,47545.810000,-58.249,-3.036,-241.174,21.291,-406.194,-300.686,17.500,6.760,-5.220
892,47545.825000,-60.207,-3.036,-239.197,29.111,-407.234,-299.839,17.500,-6.240,-7.220
893,47545.838000,-60.207,-3.036,-240.185,20.338,-405.216,-302.640,15.500,6.760,-6.220
894,47545.869000,-59.228,-3.036,-239.197,19.317,-406.177,-299.667,10.500,10.760,-7.220
895,47545.888000,-60.207,-4.047,-238.208,22.287,-408.138,-300.702,5.500,4.760,-11.220
896,47545.908000,-59.228,-2.024,-240.185,28.080,-405.292,-297.854,1.500,-3.240,-12.220
897,47545.940000,-59.228,-2.024,-238.208,22.252,-406.204,-299.719,-0.500,-6.240,-11.220
898,47545.944000,-59.228,-1.012,-237.220,23.257,-407.179,-300.720,2.500,-1.240,-9.220
899,47545.972000,-59.228,-2.024,-239.197,27.162,-406.248,-300.790,-0.500,3.760,-5.220
900,47545.988000,-58.249,-6.071,-240.185,25.144,-403.330,-298.789,-2.500,1.760,-8.220
901,47546.10000,-59.228,-4.047,-240.185,20.295,-406.186,-299.684,-7.500,-11.240,-9.220
902,47546.43000,-62.164,-3.036,-240.185,19.351,-406.175,-301.637,-4.500,-8.240,-15.220
903,47546.63000,-61.185,-4.047,-240.185,25.240,-406.228,-302.725,1.500,11.760,-14.220
904,47546.83000,-60.207,-3.036,-244.139,29.155,-410.135,-300.821,1.500,7.760,-10.220
905,47546.98000,-59.228,-3.036,-240.185,22.252,-406.204,-299.719,-4.500,-22.240,-12.220
906,47546.115000,-61.185,-3.036,-240.185,30.133,-408.208,-301.825,-0.500,-14.240,-10.220
907,47546.134000,-59.228,-5.059,-240.185,25.108,-399.460,-298.793,-2.500,3.760,-11.220
908,47546.162000,-58.249,-5.059,-241.174,25.205,-406.230,-300.756,-6.500,-6.240,-11.220
909,47546.172000,-62.164,-4.047,-242.162,26.244,-405.267,-304.713,-6.500,-12.240,-10.220
910,47546.198000,-59.228,-5.059,-243.151,30.098,-406.274,-300.842,-3.500,0.760,-9.220
911,47546.220000,-57.270,-4.047,-241.174,25.213,-405.261,-301.741,4.500,17.760,-9.220
912,47546.243000,-56.291,-6.071,-240.185,26.184,-406.239,-300.773,3.500,8.760,-4.220
913,47546.265000,-58.249,-5.059,-240.185,23.240,-407.180,-299.735,4.500,-9.240,-0.220
914,47546.289000,-59.228,-4.047,-240.185,30.132,-406.272,-302.812,2.500,-9.240,4.780
915,47546.308000,-59.228,-5.059,-239.197,31.111,-406.281,-302.829,4.500,4.760,9.780
916,47546.328000,-58.249,-5.059,-237.220,22.279,-409.106,-299.716,0.500,14.760,8.780
917,47546.347000,-56.291,-5.059,-240.185,25.161,-403.329,-299.774,-5.500,29.760,12.780
918,47546.369000,-55.312,-4.047,-240.185,34.030,-410.181,-299.923,-6.500,30.760,11.780
919,47546.389000,-56.291,-5.059,-238.208,23.265,-406.211,-301.706,-10.500,13.760,11.780
920,47546.414000,-58.249,-8.095,-240.185,23.248,-404.276,-301.708,-6.500,2.760,17.780
921,47546.429000,-57.270,-5.059,-240.185,24.235,-405.253,-301.724,-5.500,-4.240,25.780
922,47546.450000,-60.207,-7.083,-239.197,27.109,-402.379,-299.809,-8.500,-13.240,30.780
923,47546.467000,-61.185,-3.036,-240.185,18.408,-406.165,-303.589,-7.500,-5.240,28.780
924,47546.488000,-62.164,-4.047,-240.185,21.239,-404.261,-298.719,-7.500,-4.240,20.780
925,47546.503000,-60.207,-6.071,-241.174,18.338,-406.169,-299.650,-8.500,-9.240,14.780
926,47546.527000,-61.185,-5.059,-239.197,16.398,-402.278,-302.573,-16.500,-13.240,10.780
927,47546.549000,-61.185,-4.047,-242.162,22.269,-404.267,-301.690,-16.500,-7.240,9.780
928,47546.572000,-61.185,-5.059,-242.162,23.231,-408.149,-298.750,-13.500,3.760,10.780
929,47546.592000,-59.228,-1.012,-240.185,25.197,-407.198,-299.770,-8.500,4.760,6.780
930,47546.609000,-57.270,-1.012,-242.162,18.329,-403.265,-300.638,-9.500,-12.240,7.780
931,47546.650000,-59.228,-1.012,-243.151,18.303,-404.235,-298.667,-14.500,-28.240,8.780
932,47546.668000,-63.143,-1.012,-245.127,21.317,-407.161,-301.670,-12.500,-10.240,8.780
933,47546.678000,-60.207,-1.012,-245.127,27.154,-407.216,-299.805,-1.500,19.760,9.780
934,47546.699000,-58.249,-1.012,-246.116,27.214,-406.245,-303.745,9.500,18.760,8.780
935,47546.722000,-57.270,-2.024,-244.139,16.408,-407.117,-300.599,19.500,1.760,16.780
936,47546.744000,-58.249,-3.036,-243.151,22.270,-406.203,-300.704,20.500,-7.240,22.780
937,47546.772000,-60.207,-2.024,-241.174,20.321,-405.217,-301.655,27.500,-5.240,28.780
938,47546.779000,-59.228,-3.036,-240.185,19.360,-405.207,-302.622,27.500,-5.240,24.780
939,47546.805000,-60.207,-4.047,-241.174,22.218,-406.206,-297.750,20.500,-16.240,16.780
940,47546.818000,-60.207,-2.024,-241.174,26.227,-407.204,-302.742,16.500,-15.240,10.780
941,47546.832000,-62.164,-3.036,-241.174,22.278,-405.235,-301.690,18.500,-8.240,8.780
942,47546.860000,-60.207,-4.047,-241.174,22.234,-404.269,-299.721,21.500,-7.240,9.780
943,47546.880000,-60.207,-5.059,-241.174,17.386,-405.190,-301.603,19.500,-15.240,8.780
944,47546.918000,-62.164,-3.036,-238.208,23.318,-408.144,-303.673,18.500,-8.240,8.780
945,47546.937000,-61.185,-2.024,-239.197,24.235,-407.188,-300.737,13.500,-8.240,7.780
946,47546.940000,-62.164,-4.047,-239.197,28.158,-408.191,-300.806,9.500,-17.240,2.780
947,47546.969000,-63.143,-3.036,-235.243,25.275,-408.162,-303.708,6.500,-3.240,-2.220
948,47546.995000,-59.228,-6.071,-238.208,26.157,-405.272,-299.789,4.500,6.760,0.780
949,47546.999000,-59.228,-4.047,-237.220,17.359,-404.224,-300.619,-5.500,-17.240,-3.220
950,47547.25000,-62.164,-4.047,-238.208,20.252,-405.221,-297.716,-14.500,-11.240,-5.220
951,47547.45000,-61.185,-3.036,-240.185,22.304,-406.201,-302.673,-15.500,6.760,-6.220
952,47547.65000,-59.228,-4.047,-241.174,24.244,-406.220,-301.723,-12.500,8.760,-16.220
953,47547.87000,-59.228,-2.024,-240.185,16.425,-407.116,-301.584,-5.500,7.760,-10.220
954,47547.105000,-58.249,-3.036,-242.162,19.334,-406.176,-300.652,-6.500,-0.240,-7.220
955,47547.140000,-58.249,-5.059,-244.139,20.365,-408.118,-302.637,-9.500,-16.240,-4.220
956,47547.143000,-61.185,-3.036,-242.162,22.235,-408.141,-297.748,-4.500,-13.240,-2.220
957,47547.160000,-63.143,-4.047,-242.162,20.261,-406.188,-297.715,6.500,7.760,-4.220
958,47547.179000,-57.270,-3.036,-244.139,24.253,-407.187,-301.722,6.500,-3.240,-9.220
959,47547.212000,-58.249,-5.059,-242.162,23.223,-409.117,-297.764,-0.500,-20.240,-11.220
960,47547.215000,-60.207,-2.024,-243.151,19.334,-404.241,-301.639,-1.500,-12.240,-8.220
961,47547.247000,-59.228,-2.024,-240.185,27.189,-409.150,-300.787,5.500,-1.240,-12.220
962,47547.268000,-60.207,-1.012,-239.197,26.175,-405.271,-300.774,5.500,0.760,-10.220
963,47547.323000,-57.270,-4.047,-238.208,20.234,-405.222,-296.731,2.500,-7.240,-8.220
964,47547.332000,-57.270,-4.047,-239.197,23.248,-404.276,-301.708,-0.500,-18.240,-7.220
965,47547.332000,-62.164,-3.036,-239.197,24.183,-403.320,-299.757,0.500,-7.240,-5.220
966,47547.357000,-57.270,-5.059,-239.197,25.257,-408.163,-302.723,1.500,6.760,-6.220
967,47547.383000,-58.249,-5.059,-240.185,20.321,-405.217,-301.655,-3.500,-6.240,-6.220
968,47547.395000,-60.207,-4.047,-238.208,21.335,-407.160,-302.655,-2.500,-13.240,-6.220
969,47547.420000,-60.207,-6.071,-242.162,28.106,-406.258,-298.838,-3.500,-4.240,-1.220
970,47547.443000,-60.207,-4.047,-241.174,25.205,-406.230,-300.756,-6.500,3.760,-2.220
971,47547.460000,-60.207,-5.059,-240.185,27.119,-405.282,-298.822,-7.500,2.760,-5.220
972,47547.478000,-61.185,-5.059,-241.174,18.364,-405.199,-301.620,-9.500,-9.240,-7.220
973,47547.500000,-60.207,-3.036,-242.162,23.300,-408.145,-302.689,-11.500,-8.240,-11.220
974,47547.514000,-60.207,-3.036,-242.162,22.305,-410.073,-300.700,-9.500,-4.240,-10.220
975,47547.537000,-59.228,-3.036,-242.162,24.208,-402.350,-301.727,-5.500,5.760,-7.220
976,47547.574000,-57.270,-3.036,-242.162,25.223,-408.165,-300.754,-3.500,2.760,-4.220
977,47547.593000,-57.270,-5.059,-240.185,28.167,-407.223,-301.791,-0.500,-11.240,-0.220
978,47547.607000,-59.228,-4.047,-240.185,22.253,-408.140,-298.732,0.500,-9.240,4.780
979,47547.625000,-59.228,-4.047,-242.162,19.369,-408.110,-301.635,1.500,-0.240,3.780
980,47547.640000,-58.249,-3.036,-241.174,26.166,-406.240,-299.788,0.500,0.760,6.780
981,47547.669000,-57.270,-3.036,-240.185,25.241,-410.099,-300.752,1.500,-0.240,4.780
982,47547.695000,-58.249,-4.047,-239.197,23.248,-404.276,-301.708,-3.500,-11.240,5.780
983,47547.702000,-59.228,-3.036,-240.185,20.357,-409.087,-301.651,-5.500,-6.240,8.780
984,47547.724000,-61.185,-3.036,-240.185,23.213,-404.278,-299.738,-10.500,0.760,12.780
985,47547.747000,-59.228,-5.059,-237.220,26.305,-408.168,-306.680,-8.500,8.760,8.780
986,47547.764000,-59.228,-3.036,-238.208,19.351,-406.175,-301.637,-9.500,-3.240,5.780
987,47547.787000,-60.207,-4.047,-239.197,20.200,-407.160,-293.775,-13.500,-9.240,7.780
988,47547.804000,-61.185,-3.036,-239.197,26.149,-406.241,-298.803,-19.500,-15.240,6.780
989,47547.823000,-62.164,-4.047,-239.197,22.244,-407.173,-298.733,-18.500,-12.240,3.780
990,47547.837000,-59.228,-4.047,-240.185,18.321,-404.234,-299.652,-18.500,-4.240,1.780
991,47547.868000,-61.185,-3.036,-242.162,16.381,-406.151,-299.615,-25.500,-17.240,-3.220
992,47547.889000,-60.207,-2.024,-243.151,18.373,-408.102,-300.633,-29.500,-10.240,-1.220
993,47547.905000,-62.164,-1.012,-244.139,16.355,-403.249,-299.618,-26.500,-6.240,-2.220
994,47547.933000,-59.228,-1.012,-245.127,21.282,-405.227,-300.687,-15.500,-5.240,-4.220
995,47547.965000,-61.185,-2.024,-243.151,22.278,-407.171,-300.703,-7.500,-2.240,1.780
996,47547.984000,-60.207,-2.024,-245.127,25.162,-407.200,-297.800,-3.500,2.760,9.780
997,47548.3000,-58.249,-2.024,-245.127,24.201,-407.190,-298.768,-0.500,-2.240,8.780
998,47548.17000,-60.207,-2.024,-242.162,13.490,-409.025,-300.545,0.500,-2.240,4.780
999,47548.38000,-61.185,-2.024,-243.151,21.265,-405.228,-299.703,6.500,-3.240,2.780
1000,47548.62000,-60.207,-3.036,-242.162,20.330,-406.184,-301.654,6.500,-3.240,2.780
